Apache Maven 3.9.16 (2bdd9fddda4b155ebf8000e807eb73fd829a51d5)
Maven home: C:\Users\lenovo\.m2\wrapper\dists\apache-maven-3.9.16\0daed3be3ebd1c706f0e69e8b07c6b73f5cc4ea3dfce72a8d0ec2e849ca2ddb0
Java version: 24.0.2, vendor: Oracle Corporation, runtime: C:\Program Files\Java\jdk-24
Default locale: en_IN, platform encoding: UTF-8
OS name: "windows 11", version: "10.0", arch: "amd64", family: "windows"
[DEBUG] Created new class realm maven.api
[DEBUG] Importing foreign packages into class realm maven.api
[DEBUG]   Imported: javax.annotation.* < plexus.core
[DEBUG]   Imported: javax.annotation.security.* < plexus.core
[DEBUG]   Imported: javax.inject.* < plexus.core
[DEBUG]   Imported: org.apache.maven.* < plexus.core
[DEBUG]   Imported: org.apache.maven.artifact < plexus.core
[DEBUG]   Imported: org.apache.maven.classrealm < plexus.core
[DEBUG]   Imported: org.apache.maven.cli < plexus.core
[DEBUG]   Imported: org.apache.maven.configuration < plexus.core
[DEBUG]   Imported: org.apache.maven.exception < plexus.core
[DEBUG]   Imported: org.apache.maven.execution < plexus.core
[DEBUG]   Imported: org.apache.maven.execution.scope < plexus.core
[DEBUG]   Imported: org.apache.maven.graph < plexus.core
[DEBUG]   Imported: org.apache.maven.lifecycle < plexus.core
[DEBUG]   Imported: org.apache.maven.model < plexus.core
[DEBUG]   Imported: org.apache.maven.monitor < plexus.core
[DEBUG]   Imported: org.apache.maven.plugin < plexus.core
[DEBUG]   Imported: org.apache.maven.profiles < plexus.core
[DEBUG]   Imported: org.apache.maven.project < plexus.core
[DEBUG]   Imported: org.apache.maven.reporting < plexus.core
[DEBUG]   Imported: org.apache.maven.repository < plexus.core
[DEBUG]   Imported: org.apache.maven.rtinfo < plexus.core
[DEBUG]   Imported: org.apache.maven.settings < plexus.core
[DEBUG]   Imported: org.apache.maven.toolchain < plexus.core
[DEBUG]   Imported: org.apache.maven.usability < plexus.core
[DEBUG]   Imported: org.apache.maven.wagon.* < plexus.core
[DEBUG]   Imported: org.apache.maven.wagon.authentication < plexus.core
[DEBUG]   Imported: org.apache.maven.wagon.authorization < plexus.core
[DEBUG]   Imported: org.apache.maven.wagon.events < plexus.core
[DEBUG]   Imported: org.apache.maven.wagon.observers < plexus.core
[DEBUG]   Imported: org.apache.maven.wagon.proxy < plexus.core
[DEBUG]   Imported: org.apache.maven.wagon.repository < plexus.core
[DEBUG]   Imported: org.apache.maven.wagon.resource < plexus.core
[DEBUG]   Imported: org.codehaus.classworlds < plexus.core
[DEBUG]   Imported: org.codehaus.plexus.* < plexus.core
[DEBUG]   Imported: org.codehaus.plexus.classworlds < plexus.core
[DEBUG]   Imported: org.codehaus.plexus.component < plexus.core
[DEBUG]   Imported: org.codehaus.plexus.configuration < plexus.core
[DEBUG]   Imported: org.codehaus.plexus.container < plexus.core
[DEBUG]   Imported: org.codehaus.plexus.context < plexus.core
[DEBUG]   Imported: org.codehaus.plexus.lifecycle < plexus.core
[DEBUG]   Imported: org.codehaus.plexus.logging < plexus.core
[DEBUG]   Imported: org.codehaus.plexus.personality < plexus.core
[DEBUG]   Imported: org.codehaus.plexus.util.xml.Xpp3Dom < plexus.core
[DEBUG]   Imported: org.codehaus.plexus.util.xml.pull.XmlPullParser < plexus.core
[DEBUG]   Imported: org.codehaus.plexus.util.xml.pull.XmlPullParserException < plexus.core
[DEBUG]   Imported: org.codehaus.plexus.util.xml.pull.XmlSerializer < plexus.core
[DEBUG]   Imported: org.eclipse.aether.* < plexus.core
[DEBUG]   Imported: org.eclipse.aether.artifact < plexus.core
[DEBUG]   Imported: org.eclipse.aether.collection < plexus.core
[DEBUG]   Imported: org.eclipse.aether.deployment < plexus.core
[DEBUG]   Imported: org.eclipse.aether.graph < plexus.core
[DEBUG]   Imported: org.eclipse.aether.impl < plexus.core
[DEBUG]   Imported: org.eclipse.aether.installation < plexus.core
[DEBUG]   Imported: org.eclipse.aether.internal.impl < plexus.core
[DEBUG]   Imported: org.eclipse.aether.metadata < plexus.core
[DEBUG]   Imported: org.eclipse.aether.repository < plexus.core
[DEBUG]   Imported: org.eclipse.aether.resolution < plexus.core
[DEBUG]   Imported: org.eclipse.aether.spi < plexus.core
[DEBUG]   Imported: org.eclipse.aether.transfer < plexus.core
[DEBUG]   Imported: org.eclipse.aether.util < plexus.core
[DEBUG]   Imported: org.eclipse.aether.version < plexus.core
[DEBUG]   Imported: org.fusesource.jansi.* < plexus.core
[DEBUG]   Imported: org.slf4j.* < plexus.core
[DEBUG]   Imported: org.slf4j.event.* < plexus.core
[DEBUG]   Imported: org.slf4j.helpers.* < plexus.core
[DEBUG]   Imported: org.slf4j.spi.* < plexus.core
[DEBUG] Populating class realm maven.api
[DEBUG] Created adapter factory; available factories [file-lock, rwlock-local, semaphore-local, noop]; available name mappers [discriminating, file-gaecv, file-gav, file-hgaecv, file-hgav, file-static, gaecv, gav, static]
[INFO] Error stacktraces are turned on.
[DEBUG] Message scheme: color
[DEBUG] Message styles: debug info warning error success failure strong mojo project
[DEBUG] Reading global settings from C:\Users\lenovo\.m2\wrapper\dists\apache-maven-3.9.16\0daed3be3ebd1c706f0e69e8b07c6b73f5cc4ea3dfce72a8d0ec2e849ca2ddb0\conf\settings.xml
[DEBUG] Reading user settings from C:\Users\lenovo\.m2\settings.xml
[DEBUG] Reading global toolchains from C:\Users\lenovo\.m2\wrapper\dists\apache-maven-3.9.16\0daed3be3ebd1c706f0e69e8b07c6b73f5cc4ea3dfce72a8d0ec2e849ca2ddb0\conf\toolchains.xml
[DEBUG] Reading user toolchains from C:\Users\lenovo\.m2\toolchains.xml
[DEBUG] Using local repository at C:\Users\lenovo\.m2\repository
[DEBUG] Using manager EnhancedLocalRepositoryManager with priority 10.0 for C:\Users\lenovo\.m2\repository
[INFO] Scanning for projects...
[DEBUG] Creating adapter using nameMapper 'gaecv' and factory 'rwlock-local'
[DEBUG] Extension realms for project com.bank:bank-management-system:jar:0.0.1-SNAPSHOT: (none)
[DEBUG] Looking up lifecycle mappings for packaging jar from ClassRealm[plexus.core, parent: null]
[DEBUG] Extension realms for project org.springframework.boot:spring-boot-starter-parent:pom:3.5.5: (none)
[DEBUG] Looking up lifecycle mappings for packaging pom from ClassRealm[plexus.core, parent: null]
[DEBUG] Extension realms for project org.springframework.boot:spring-boot-dependencies:pom:3.5.5: (none)
[DEBUG] Looking up lifecycle mappings for packaging pom from ClassRealm[plexus.core, parent: null]
[DEBUG] === REACTOR BUILD PLAN ================================================
[DEBUG] Project: com.bank:bank-management-system:jar:0.0.1-SNAPSHOT
[DEBUG] Tasks:   [clean, compile]
[DEBUG] Style:   Regular
[DEBUG] =======================================================================
[INFO] 
[INFO] ------------------< com.bank:bank-management-system >-------------------
[INFO] Building BankManagementSystem 0.0.1-SNAPSHOT
[INFO]   from pom.xml
[INFO] --------------------------------[ jar ]---------------------------------
[DEBUG] Lifecycle clean -> [pre-clean, clean, post-clean]
[DEBUG] Lifecycle default -> [validate, initialize, generate-sources, process-sources, generate-resources, process-resources, compile, process-classes, generate-test-sources, process-test-sources, generate-test-resources, process-test-resources, test-compile, process-test-classes, test, prepare-package, package, pre-integration-test, integration-test, post-integration-test, verify, install, deploy]
[DEBUG] Lifecycle site -> [pre-site, site, post-site, site-deploy]
[DEBUG] Lifecycle clean -> [pre-clean, clean, post-clean]
[DEBUG] Lifecycle default -> [validate, initialize, generate-sources, process-sources, generate-resources, process-resources, compile, process-classes, generate-test-sources, process-test-sources, generate-test-resources, process-test-resources, test-compile, process-test-classes, test, prepare-package, package, pre-integration-test, integration-test, post-integration-test, verify, install, deploy]
[DEBUG] Lifecycle site -> [pre-site, site, post-site, site-deploy]
[DEBUG] Lifecycle clean -> [pre-clean, clean, post-clean]
[DEBUG] Lifecycle default -> [validate, initialize, generate-sources, process-sources, generate-resources, process-resources, compile, process-classes, generate-test-sources, process-test-sources, generate-test-resources, process-test-resources, test-compile, process-test-classes, test, prepare-package, package, pre-integration-test, integration-test, post-integration-test, verify, install, deploy]
[DEBUG] Lifecycle site -> [pre-site, site, post-site, site-deploy]
[DEBUG] Lifecycle clean -> [pre-clean, clean, post-clean]
[DEBUG] Lifecycle default -> [validate, initialize, generate-sources, process-sources, generate-resources, process-resources, compile, process-classes, generate-test-sources, process-test-sources, generate-test-resources, process-test-resources, test-compile, process-test-classes, test, prepare-package, package, pre-integration-test, integration-test, post-integration-test, verify, install, deploy]
[DEBUG] Lifecycle site -> [pre-site, site, post-site, site-deploy]
[DEBUG] Lifecycle clean -> [pre-clean, clean, post-clean]
[DEBUG] Lifecycle default -> [validate, initialize, generate-sources, process-sources, generate-resources, process-resources, compile, process-classes, generate-test-sources, process-test-sources, generate-test-resources, process-test-resources, test-compile, process-test-classes, test, prepare-package, package, pre-integration-test, integration-test, post-integration-test, verify, install, deploy]
[DEBUG] Lifecycle site -> [pre-site, site, post-site, site-deploy]
[DEBUG] === PROJECT BUILD PLAN ================================================
[DEBUG] Project:       com.bank:bank-management-system:0.0.1-SNAPSHOT
[DEBUG] Dependencies (collect): []
[DEBUG] Dependencies (resolve): [compile]
[DEBUG] Repositories (dependencies): [central (https://repo.maven.apache.org/maven2, default, releases)]
[DEBUG] Repositories (plugins)     : [central (https://repo.maven.apache.org/maven2, default, releases)]
[DEBUG] -----------------------------------------------------------------------
[DEBUG] Goal:          org.apache.maven.plugins:maven-clean-plugin:3.4.1:clean (default-clean)
[DEBUG] Style:         Regular
[DEBUG] Configuration: <?xml version="1.0" encoding="UTF-8"?>
<configuration>
  <directory default-value="${project.build.directory}"/>
  <excludeDefaultDirectories default-value="false">${maven.clean.excludeDefaultDirectories}</excludeDefaultDirectories>
  <failOnError default-value="true">${maven.clean.failOnError}</failOnError>
  <fast default-value="false">${maven.clean.fast}</fast>
  <fastDir>${maven.clean.fastDir}</fastDir>
  <fastMode default-value="background">${maven.clean.fastMode}</fastMode>
  <followSymLinks default-value="false">${maven.clean.followSymLinks}</followSymLinks>
  <outputDirectory default-value="${project.build.outputDirectory}"/>
  <reportDirectory default-value="${project.build.outputDirectory}"/>
  <retryOnError default-value="true">${maven.clean.retryOnError}</retryOnError>
  <session default-value="${session}"/>
  <skip default-value="false">${maven.clean.skip}</skip>
  <testOutputDirectory default-value="${project.build.testOutputDirectory}"/>
  <verbose>${maven.clean.verbose}</verbose>
</configuration>
[DEBUG] -----------------------------------------------------------------------
[DEBUG] Goal:          org.apache.maven.plugins:maven-resources-plugin:3.3.1:resources (default-resources)
[DEBUG] Style:         Regular
[DEBUG] Configuration: <?xml version="1.0" encoding="UTF-8"?>
<configuration>
  <addDefaultExcludes default-value="true"/>
  <buildFilters default-value="${project.build.filters}"/>
  <delimiters>
    <delimiter>@</delimiter>
  </delimiters>
  <encoding default-value="${project.build.sourceEncoding}"/>
  <escapeWindowsPaths default-value="true"/>
  <fileNameFiltering default-value="false"/>
  <includeEmptyDirs default-value="false"/>
  <outputDirectory default-value="${project.build.outputDirectory}"/>
  <overwrite default-value="false"/>
  <project default-value="${project}"/>
  <propertiesEncoding>UTF-8</propertiesEncoding>
  <resources default-value="${project.resources}"/>
  <session default-value="${session}"/>
  <skip default-value="false">${maven.resources.skip}</skip>
  <supportMultiLineFiltering default-value="false"/>
  <useBuildFilters default-value="true"/>
  <useDefaultDelimiters default-value="true">false</useDefaultDelimiters>
</configuration>
[DEBUG] -----------------------------------------------------------------------
[DEBUG] Goal:          org.apache.maven.plugins:maven-compiler-plugin:3.14.0:compile (default-compile)
[DEBUG] Style:         Regular
[DEBUG] Configuration: <?xml version="1.0" encoding="UTF-8"?>
<configuration>
  <annotationProcessorPathsUseDepMgmt default-value="false"/>
  <basedir default-value="${basedir}"/>
  <buildDirectory default-value="${project.build.directory}"/>
  <compilePath default-value="${project.compileClasspathElements}"/>
  <compileSourceRoots default-value="${project.compileSourceRoots}"/>
  <compilerId default-value="javac">${maven.compiler.compilerId}</compilerId>
  <compilerReuseStrategy default-value="${reuseCreated}">${maven.compiler.compilerReuseStrategy}</compilerReuseStrategy>
  <compilerVersion>${maven.compiler.compilerVersion}</compilerVersion>
  <createMissingPackageInfoClass default-value="true">${maven.compiler.createMissingPackageInfoClass}</createMissingPackageInfoClass>
  <debug default-value="true">${maven.compiler.debug}</debug>
  <debugFileName default-value="javac"/>
  <debuglevel>${maven.compiler.debuglevel}</debuglevel>
  <enablePreview default-value="false">${maven.compiler.enablePreview}</enablePreview>
  <encoding default-value="${project.build.sourceEncoding}">${encoding}</encoding>
  <executable>${maven.compiler.executable}</executable>
  <failOnError default-value="true">${maven.compiler.failOnError}</failOnError>
  <failOnWarning default-value="false">${maven.compiler.failOnWarning}</failOnWarning>
  <fileExtensions default-value="class,jar"/>
  <forceJavacCompilerUse default-value="false">${maven.compiler.forceJavacCompilerUse}</forceJavacCompilerUse>
  <forceLegacyJavacApi default-value="false">${maven.compiler.forceLegacyJavacApi}</forceLegacyJavacApi>
  <fork default-value="false">${maven.compiler.fork}</fork>
  <generatedSourcesDirectory default-value="${project.build.directory}/generated-sources/annotations"/>
  <implicit>${maven.compiler.implicit}</implicit>
  <maxmem>${maven.compiler.maxmem}</maxmem>
  <meminitial>${maven.compiler.meminitial}</meminitial>
  <moduleVersion default-value="${project.version}">${maven.compiler.moduleVersion}</moduleVersion>
  <mojoExecution default-value="${mojoExecution}"/>
  <optimize default-value="false">${maven.compiler.optimize}</optimize>
  <outputDirectory default-value="${project.build.outputDirectory}">${maven.compiler.outputDirectory}</outputDirectory>
  <outputTimestamp default-value="${project.build.outputTimestamp}"/>
  <parameters default-value="false">true</parameters>
  <proc>${maven.compiler.proc}</proc>
  <project default-value="${project}"/>
  <projectArtifact default-value="${project.artifact}"/>
  <release>21</release>
  <session default-value="${session}"/>
  <showCompilationChanges default-value="false">${maven.compiler.showCompilationChanges}</showCompilationChanges>
  <showDeprecation default-value="false">${maven.compiler.showDeprecation}</showDeprecation>
  <showWarnings default-value="true">${maven.compiler.showWarnings}</showWarnings>
  <skipMain>${maven.main.skip}</skipMain>
  <skipMultiThreadWarning default-value="false">${maven.compiler.skipMultiThreadWarning}</skipMultiThreadWarning>
  <source default-value="1.8">${maven.compiler.source}</source>
  <staleMillis default-value="0">${lastModGranularityMs}</staleMillis>
  <target default-value="1.8">${maven.compiler.target}</target>
  <useIncrementalCompilation default-value="true">${maven.compiler.useIncrementalCompilation}</useIncrementalCompilation>
  <verbose default-value="false">${maven.compiler.verbose}</verbose>
</configuration>
[DEBUG] =======================================================================
[DEBUG] Using mirror maven-default-http-blocker (http://0.0.0.0/) for apache.snapshots (http://repository.apache.org/snapshots).
[DEBUG] Using mirror maven-default-http-blocker (http://0.0.0.0/) for vaadin-snapshots (http://oss.sonatype.org/content/repositories/vaadin-snapshots/).
[DEBUG] Using mirror maven-default-http-blocker (http://0.0.0.0/) for vaadin-releases (http://oss.sonatype.org/content/repositories/vaadin-releases/).
[DEBUG] Dependency collection stats {ConflictMarker.analyzeTime=6133900, ConflictMarker.markTime=2093100, ConflictMarker.nodeCount=327, ConflictIdSorter.graphTime=4040300, ConflictIdSorter.topsortTime=2555000, ConflictIdSorter.conflictIdCount=132, ConflictIdSorter.conflictIdCycleCount=0, ConflictResolver.totalTime=42080300, ConflictResolver.conflictItemCount=271, DfDependencyCollector.collectTime=2879532600, DfDependencyCollector.transformTime=64290900}
[DEBUG] com.bank:bank-management-system:jar:0.0.1-SNAPSHOT
[DEBUG]    org.springframework.boot:spring-boot-starter-web:jar:3.5.5:compile
[DEBUG]       org.springframework.boot:spring-boot-starter:jar:3.5.5:compile (version managed from 3.5.5)
[DEBUG]          org.springframework.boot:spring-boot-starter-logging:jar:3.5.5:compile (version managed from 3.5.5)
[DEBUG]             ch.qos.logback:logback-classic:jar:1.5.18:compile (version managed from 1.5.18)
[DEBUG]                ch.qos.logback:logback-core:jar:1.5.18:compile (version managed from 1.5.18)
[DEBUG]             org.apache.logging.log4j:log4j-to-slf4j:jar:2.24.3:compile (version managed from 2.24.3)
[DEBUG]             org.slf4j:jul-to-slf4j:jar:2.0.17:compile (version managed from 2.0.17)
[DEBUG]          jakarta.annotation:jakarta.annotation-api:jar:2.1.1:compile (version managed from 2.1.1)
[DEBUG]          org.yaml:snakeyaml:jar:2.4:compile (version managed from 2.4)
[DEBUG]       org.springframework.boot:spring-boot-starter-json:jar:3.5.5:compile (version managed from 3.5.5)
[DEBUG]          com.fasterxml.jackson.datatype:jackson-datatype-jdk8:jar:2.19.2:compile (version managed from 2.19.2)
[DEBUG]          com.fasterxml.jackson.datatype:jackson-datatype-jsr310:jar:2.19.2:compile (version managed from 2.19.2)
[DEBUG]          com.fasterxml.jackson.module:jackson-module-parameter-names:jar:2.19.2:compile (version managed from 2.19.2)
[DEBUG]       org.springframework.boot:spring-boot-starter-tomcat:jar:3.5.5:compile (version managed from 3.5.5)
[DEBUG]          org.apache.tomcat.embed:tomcat-embed-core:jar:10.1.44:compile (version managed from 10.1.44)
[DEBUG]          org.apache.tomcat.embed:tomcat-embed-websocket:jar:10.1.44:compile (version managed from 10.1.44)
[DEBUG]       org.springframework:spring-web:jar:6.2.10:compile (version managed from 6.2.10)
[DEBUG]          org.springframework:spring-beans:jar:6.2.10:compile (version managed from 6.2.10)
[DEBUG]          io.micrometer:micrometer-observation:jar:1.15.3:compile (version managed from 1.14.10)
[DEBUG]             io.micrometer:micrometer-commons:jar:1.15.3:compile (version managed from 1.15.3)
[DEBUG]       org.springframework:spring-webmvc:jar:6.2.10:compile (version managed from 6.2.10)
[DEBUG]          org.springframework:spring-context:jar:6.2.10:compile (version managed from 6.2.10)
[DEBUG]          org.springframework:spring-expression:jar:6.2.10:compile (version managed from 6.2.10)
[DEBUG]    org.springframework.boot:spring-boot-starter-thymeleaf:jar:3.5.5:compile
[DEBUG]       org.thymeleaf:thymeleaf-spring6:jar:3.1.3.RELEASE:compile (version managed from 3.1.3.RELEASE)
[DEBUG]          org.thymeleaf:thymeleaf:jar:3.1.3.RELEASE:compile (version managed from 3.1.3.RELEASE)
[DEBUG]             org.attoparser:attoparser:jar:2.0.7.RELEASE:compile
[DEBUG]             org.unbescape:unbescape:jar:1.1.6.RELEASE:compile
[DEBUG]    org.springframework.boot:spring-boot-starter-data-jpa:jar:3.5.5:compile
[DEBUG]       org.springframework.boot:spring-boot-starter-jdbc:jar:3.5.5:compile (version managed from 3.5.5)
[DEBUG]          com.zaxxer:HikariCP:jar:6.3.2:compile (version managed from 6.3.2)
[DEBUG]          org.springframework:spring-jdbc:jar:6.2.10:compile (version managed from 6.2.10)
[DEBUG]       org.hibernate.orm:hibernate-core:jar:6.6.26.Final:compile (version managed from 6.6.26.Final)
[DEBUG]          jakarta.persistence:jakarta.persistence-api:jar:3.1.0:compile (version managed from 3.1.0)
[DEBUG]          jakarta.transaction:jakarta.transaction-api:jar:2.0.1:compile (version managed from 2.0.1)
[DEBUG]          org.jboss.logging:jboss-logging:jar:3.6.1.Final:compile (version managed from 3.5.0.Final)
[DEBUG]          org.hibernate.common:hibernate-commons-annotations:jar:7.0.3.Final:runtime
[DEBUG]          io.smallrye:jandex:jar:3.2.0:runtime
[DEBUG]          com.fasterxml:classmate:jar:1.7.0:compile (version managed from 1.5.1)
[DEBUG]          org.glassfish.jaxb:jaxb-runtime:jar:4.0.5:runtime (version managed from 4.0.2)
[DEBUG]             org.glassfish.jaxb:jaxb-core:jar:4.0.5:runtime (version managed from 4.0.5)
[DEBUG]                org.eclipse.angus:angus-activation:jar:2.0.2:runtime (version managed from 2.0.2)
[DEBUG]                org.glassfish.jaxb:txw2:jar:4.0.5:runtime (version managed from 4.0.5)
[DEBUG]                com.sun.istack:istack-commons-runtime:jar:4.1.2:runtime (version managed from 4.1.2)
[DEBUG]          jakarta.inject:jakarta.inject-api:jar:2.0.1:runtime (version managed from 2.0.1)
[DEBUG]          org.antlr:antlr4-runtime:jar:4.13.0:compile
[DEBUG]       org.springframework.data:spring-data-jpa:jar:3.5.3:compile (version managed from 3.5.3)
[DEBUG]          org.springframework.data:spring-data-commons:jar:3.5.3:compile (version managed from 3.5.3)
[DEBUG]          org.springframework:spring-orm:jar:6.2.10:compile (version managed from 6.2.10)
[DEBUG]          org.springframework:spring-tx:jar:6.2.10:compile (version managed from 6.2.10)
[DEBUG]       org.springframework:spring-aspects:jar:6.2.10:compile (version managed from 6.2.10)
[DEBUG]          org.aspectj:aspectjweaver:jar:1.9.24:compile (version managed from 1.9.22.1)
[DEBUG]    org.springframework.boot:spring-boot-starter-security:jar:3.5.5:compile
[DEBUG]       org.springframework:spring-aop:jar:6.2.10:compile (version managed from 6.2.10)
[DEBUG]       org.springframework.security:spring-security-config:jar:6.5.3:compile (version managed from 6.5.3)
[DEBUG]       org.springframework.security:spring-security-web:jar:6.5.3:compile (version managed from 6.5.3)
[DEBUG]    org.springframework.boot:spring-boot-starter-validation:jar:3.5.5:compile
[DEBUG]       org.apache.tomcat.embed:tomcat-embed-el:jar:10.1.44:compile (version managed from 10.1.44)
[DEBUG]       org.hibernate.validator:hibernate-validator:jar:8.0.3.Final:compile (version managed from 8.0.3.Final)
[DEBUG]          jakarta.validation:jakarta.validation-api:jar:3.0.2:compile (version managed from 3.0.2)
[DEBUG]    com.mysql:mysql-connector-j:jar:9.4.0:runtime (exclusions managed from [com.google.protobuf:protobuf-java:*:*])
[DEBUG]    org.projectlombok:lombok:jar:1.18.38:compile (optional)
[DEBUG]    org.springframework.boot:spring-boot-devtools:jar:3.5.5:runtime (optional)
[DEBUG]       org.springframework.boot:spring-boot:jar:3.5.5:compile (version managed from 3.5.5)
[DEBUG]       org.springframework.boot:spring-boot-autoconfigure:jar:3.5.5:compile (version managed from 3.5.5)
[DEBUG]    org.thymeleaf.extras:thymeleaf-extras-springsecurity6:jar:3.1.3.RELEASE:compile
[DEBUG]       org.slf4j:slf4j-api:jar:2.0.17:compile (version managed from 2.0.16)
[DEBUG]    org.modelmapper:modelmapper:jar:3.2.4:compile
[DEBUG]    io.jsonwebtoken:jjwt-api:jar:0.12.7:compile
[DEBUG]    io.jsonwebtoken:jjwt-impl:jar:0.12.7:runtime
[DEBUG]    io.jsonwebtoken:jjwt-jackson:jar:0.12.7:runtime
[DEBUG]       com.fasterxml.jackson.core:jackson-databind:jar:2.19.2:compile (version managed from 2.12.7.1)
[DEBUG]          com.fasterxml.jackson.core:jackson-annotations:jar:2.19.2:compile (version managed from 2.19.2)
[DEBUG]          com.fasterxml.jackson.core:jackson-core:jar:2.19.2:compile (version managed from 2.19.2)
[DEBUG]    org.springdoc:springdoc-openapi-starter-webmvc-ui:jar:2.8.9:compile
[DEBUG]       org.springdoc:springdoc-openapi-starter-webmvc-api:jar:2.8.9:compile
[DEBUG]          org.springdoc:springdoc-openapi-starter-common:jar:2.8.9:compile
[DEBUG]             io.swagger.core.v3:swagger-core-jakarta:jar:2.2.30:compile
[DEBUG]                io.swagger.core.v3:swagger-annotations-jakarta:jar:2.2.30:compile
[DEBUG]                io.swagger.core.v3:swagger-models-jakarta:jar:2.2.30:compile
[DEBUG]                com.fasterxml.jackson.dataformat:jackson-dataformat-yaml:jar:2.19.2:compile (version managed from 2.18.2)
[DEBUG]       org.webjars:swagger-ui:jar:5.21.0:compile
[DEBUG]       org.webjars:webjars-locator-lite:jar:1.1.0:compile (version managed from 1.1.0)
[DEBUG]          org.jspecify:jspecify:jar:1.0.0:compile (version managed from 1.0.0)
[DEBUG]    org.apache.poi:poi-ooxml:jar:5.4.1:compile
[DEBUG]       org.apache.poi:poi:jar:5.4.1:compile
[DEBUG]          commons-codec:commons-codec:jar:1.18.0:compile (version managed from 1.18.0)
[DEBUG]          org.apache.commons:commons-math3:jar:3.6.1:compile
[DEBUG]          com.zaxxer:SparseBitSet:jar:1.3:compile
[DEBUG]       org.apache.poi:poi-ooxml-lite:jar:5.4.1:compile
[DEBUG]       org.apache.xmlbeans:xmlbeans:jar:5.3.0:compile
[DEBUG]       org.apache.commons:commons-compress:jar:1.27.1:compile
[DEBUG]          org.apache.commons:commons-lang3:jar:3.17.0:compile (version managed from 3.16.0)
[DEBUG]       commons-io:commons-io:jar:2.18.0:compile
[DEBUG]       com.github.virtuald:curvesapi:jar:1.08:compile
[DEBUG]       org.apache.logging.log4j:log4j-api:jar:2.24.3:compile (version managed from 2.24.3)
[DEBUG]       org.apache.commons:commons-collections4:jar:4.4:compile
[DEBUG]    com.itextpdf:itextpdf:jar:5.5.13.4:compile
[DEBUG]    org.springframework.boot:spring-boot-starter-test:jar:3.5.5:test
[DEBUG]       org.springframework.boot:spring-boot-test:jar:3.5.5:test (version managed from 3.5.5)
[DEBUG]       org.springframework.boot:spring-boot-test-autoconfigure:jar:3.5.5:test (version managed from 3.5.5)
[DEBUG]       com.jayway.jsonpath:json-path:jar:2.9.0:test (version managed from 2.9.0)
[DEBUG]       jakarta.xml.bind:jakarta.xml.bind-api:jar:4.0.2:compile (version managed from 4.0.2)
[DEBUG]          jakarta.activation:jakarta.activation-api:jar:2.1.3:compile (version managed from 2.1.3)
[DEBUG]       net.minidev:json-smart:jar:2.5.2:test (version managed from 2.5.2)
[DEBUG]          net.minidev:accessors-smart:jar:2.5.2:test
[DEBUG]             org.ow2.asm:asm:jar:9.7.1:test
[DEBUG]       org.assertj:assertj-core:jar:3.27.4:test (version managed from 3.27.4)
[DEBUG]       org.awaitility:awaitility:jar:4.2.2:test (version managed from 4.2.2)
[DEBUG]       org.hamcrest:hamcrest:jar:3.0:test (version managed from 3.0)
[DEBUG]       org.junit.jupiter:junit-jupiter:jar:5.12.2:test (version managed from 5.12.2)
[DEBUG]          org.junit.jupiter:junit-jupiter-api:jar:5.12.2:test (version managed from 5.12.2)
[DEBUG]             org.opentest4j:opentest4j:jar:1.3.0:test
[DEBUG]             org.junit.platform:junit-platform-commons:jar:1.12.2:test (version managed from 1.12.2)
[DEBUG]             org.apiguardian:apiguardian-api:jar:1.1.2:test
[DEBUG]          org.junit.jupiter:junit-jupiter-params:jar:5.12.2:test (version managed from 5.12.2)
[DEBUG]          org.junit.jupiter:junit-jupiter-engine:jar:5.12.2:test (version managed from 5.12.2)
[DEBUG]             org.junit.platform:junit-platform-engine:jar:1.12.2:test (version managed from 1.12.2)
[DEBUG]       org.mockito:mockito-junit-jupiter:jar:5.17.0:test (version managed from 5.17.0)
[DEBUG]       org.skyscreamer:jsonassert:jar:1.5.3:test (version managed from 1.5.3)
[DEBUG]          com.vaadin.external.google:android-json:jar:0.0.20131108.vaadin1:test
[DEBUG]       org.springframework:spring-core:jar:6.2.10:compile (version managed from 6.2.10)
[DEBUG]          org.springframework:spring-jcl:jar:6.2.10:compile (version managed from 6.2.10)
[DEBUG]       org.springframework:spring-test:jar:6.2.10:test (version managed from 6.2.10)
[DEBUG]       org.xmlunit:xmlunit-core:jar:2.10.3:test (version managed from 2.10.3)
[DEBUG]    org.springframework.security:spring-security-test:jar:6.5.3:test
[DEBUG]       org.springframework.security:spring-security-core:jar:6.5.3:compile (version managed from 6.5.3)
[DEBUG]          org.springframework.security:spring-security-crypto:jar:6.5.3:compile (version managed from 6.5.3)
[DEBUG]    org.mockito:mockito-core:jar:5.17.0:test
[DEBUG]       net.bytebuddy:byte-buddy:jar:1.17.7:runtime (version managed from 1.15.11)
[DEBUG]       net.bytebuddy:byte-buddy-agent:jar:1.17.7:test (version managed from 1.15.11)
[DEBUG]       org.objenesis:objenesis:jar:3.3:test
[INFO] 
[INFO] --- clean:3.4.1:clean (default-clean) @ bank-management-system ---
[DEBUG] Dependency collection stats {ConflictMarker.analyzeTime=507300, ConflictMarker.markTime=264200, ConflictMarker.nodeCount=2, ConflictIdSorter.graphTime=259600, ConflictIdSorter.topsortTime=32300, ConflictIdSorter.conflictIdCount=2, ConflictIdSorter.conflictIdCycleCount=0, ConflictResolver.totalTime=569000, ConflictResolver.conflictItemCount=2, DfDependencyCollector.collectTime=32223200, DfDependencyCollector.transformTime=1671600}
[DEBUG] org.apache.maven.plugins:maven-clean-plugin:jar:3.4.1
[DEBUG]    org.codehaus.plexus:plexus-utils:jar:4.0.1:compile
[DEBUG] Created new class realm plugin>org.apache.maven.plugins:maven-clean-plugin:3.4.1
[DEBUG] Importing foreign packages into class realm plugin>org.apache.maven.plugins:maven-clean-plugin:3.4.1
[DEBUG]   Imported:  < maven.api
[DEBUG] Populating class realm plugin>org.apache.maven.plugins:maven-clean-plugin:3.4.1
[DEBUG]   Included: org.apache.maven.plugins:maven-clean-plugin:jar:3.4.1
[DEBUG]   Included: org.codehaus.plexus:plexus-utils:jar:4.0.1
[DEBUG] Loading mojo org.apache.maven.plugins:maven-clean-plugin:3.4.1:clean from plugin realm ClassRealm[plugin>org.apache.maven.plugins:maven-clean-plugin:3.4.1, parent: jdk.internal.loader.ClassLoaders$AppClassLoader@1affbebc]
[DEBUG] Configuring mojo execution 'org.apache.maven.plugins:maven-clean-plugin:3.4.1:clean:default-clean' with basic configurator -->
[DEBUG]   (f) directory = C:\Users\lenovo\eclipse-workspace\BankManagementSystem\target
[DEBUG]   (f) excludeDefaultDirectories = false
[DEBUG]   (f) failOnError = true
[DEBUG]   (f) fast = false
[DEBUG]   (f) fastMode = background
[DEBUG]   (f) followSymLinks = false
[DEBUG]   (f) outputDirectory = C:\Users\lenovo\eclipse-workspace\BankManagementSystem\target\classes
[DEBUG]   (f) reportDirectory = C:\Users\lenovo\eclipse-workspace\BankManagementSystem\target\classes
[DEBUG]   (f) retryOnError = true
[DEBUG]   (f) session = org.apache.maven.execution.MavenSession@5b7c8930
[DEBUG]   (f) skip = false
[DEBUG]   (f) testOutputDirectory = C:\Users\lenovo\eclipse-workspace\BankManagementSystem\target\test-classes
[DEBUG] -- end configuration --
[INFO] Deleting C:\Users\lenovo\eclipse-workspace\BankManagementSystem\target
[INFO] Deleting file C:\Users\lenovo\eclipse-workspace\BankManagementSystem\target\classes\application.properties
[INFO] Deleting file C:\Users\lenovo\eclipse-workspace\BankManagementSystem\target\classes\com\bank\BankManagementSystemApplication.class
[INFO] Deleting file C:\Users\lenovo\eclipse-workspace\BankManagementSystem\target\classes\com\bank\config\OpenApiConfig.class
[INFO] Deleting directory C:\Users\lenovo\eclipse-workspace\BankManagementSystem\target\classes\com\bank\config
[INFO] Deleting file C:\Users\lenovo\eclipse-workspace\BankManagementSystem\target\classes\com\bank\controller\AccountController.class
[INFO] Deleting file C:\Users\lenovo\eclipse-workspace\BankManagementSystem\target\classes\com\bank\controller\AdminController.class
[INFO] Deleting file C:\Users\lenovo\eclipse-workspace\BankManagementSystem\target\classes\com\bank\controller\AuthController.class
[INFO] Deleting file C:\Users\lenovo\eclipse-workspace\BankManagementSystem\target\classes\com\bank\controller\CustomerController.class
[INFO] Deleting file C:\Users\lenovo\eclipse-workspace\BankManagementSystem\target\classes\com\bank\controller\ExcelController.class
[INFO] Deleting file C:\Users\lenovo\eclipse-workspace\BankManagementSystem\target\classes\com\bank\controller\PdfController.class
[INFO] Deleting file C:\Users\lenovo\eclipse-workspace\BankManagementSystem\target\classes\com\bank\controller\TransactionController.class
[INFO] Deleting directory C:\Users\lenovo\eclipse-workspace\BankManagementSystem\target\classes\com\bank\controller
[INFO] Deleting file C:\Users\lenovo\eclipse-workspace\BankManagementSystem\target\classes\com\bank\dto\AccountRequest.class
[INFO] Deleting file C:\Users\lenovo\eclipse-workspace\BankManagementSystem\target\classes\com\bank\dto\AccountResponse.class
[INFO] Deleting file C:\Users\lenovo\eclipse-workspace\BankManagementSystem\target\classes\com\bank\dto\ApiErrorResponse.class
[INFO] Deleting file C:\Users\lenovo\eclipse-workspace\BankManagementSystem\target\classes\com\bank\dto\AuthResponse.class
[INFO] Deleting file C:\Users\lenovo\eclipse-workspace\BankManagementSystem\target\classes\com\bank\dto\ChangePasswordRequest.class
[INFO] Deleting file C:\Users\lenovo\eclipse-workspace\BankManagementSystem\target\classes\com\bank\dto\CustomerProfileResponse.class
[INFO] Deleting file C:\Users\lenovo\eclipse-workspace\BankManagementSystem\target\classes\com\bank\dto\DashboardResponse.class
[INFO] Deleting file C:\Users\lenovo\eclipse-workspace\BankManagementSystem\target\classes\com\bank\dto\LoginRequest.class
[INFO] Deleting file C:\Users\lenovo\eclipse-workspace\BankManagementSystem\target\classes\com\bank\dto\RegisterRequest.class
[INFO] Deleting file C:\Users\lenovo\eclipse-workspace\BankManagementSystem\target\classes\com\bank\dto\TransactionRequest.class
[INFO] Deleting file C:\Users\lenovo\eclipse-workspace\BankManagementSystem\target\classes\com\bank\dto\TransactionResponse.class
[INFO] Deleting file C:\Users\lenovo\eclipse-workspace\BankManagementSystem\target\classes\com\bank\dto\UpdateProfileRequest.class
[INFO] Deleting directory C:\Users\lenovo\eclipse-workspace\BankManagementSystem\target\classes\com\bank\dto
[INFO] Deleting file C:\Users\lenovo\eclipse-workspace\BankManagementSystem\target\classes\com\bank\entity\Account.class
[INFO] Deleting file C:\Users\lenovo\eclipse-workspace\BankManagementSystem\target\classes\com\bank\entity\BaseEntity.class
[INFO] Deleting file C:\Users\lenovo\eclipse-workspace\BankManagementSystem\target\classes\com\bank\entity\Role.class
[INFO] Deleting file C:\Users\lenovo\eclipse-workspace\BankManagementSystem\target\classes\com\bank\entity\Transaction.class
[INFO] Deleting file C:\Users\lenovo\eclipse-workspace\BankManagementSystem\target\classes\com\bank\entity\User.class
[INFO] Deleting directory C:\Users\lenovo\eclipse-workspace\BankManagementSystem\target\classes\com\bank\entity
[INFO] Deleting file C:\Users\lenovo\eclipse-workspace\BankManagementSystem\target\classes\com\bank\enums\AccountStatus.class
[INFO] Deleting file C:\Users\lenovo\eclipse-workspace\BankManagementSystem\target\classes\com\bank\enums\AccountType.class
[INFO] Deleting file C:\Users\lenovo\eclipse-workspace\BankManagementSystem\target\classes\com\bank\enums\RoleType.class
[INFO] Deleting file C:\Users\lenovo\eclipse-workspace\BankManagementSystem\target\classes\com\bank\enums\TransactionType.class
[INFO] Deleting directory C:\Users\lenovo\eclipse-workspace\BankManagementSystem\target\classes\com\bank\enums
[INFO] Deleting file C:\Users\lenovo\eclipse-workspace\BankManagementSystem\target\classes\com\bank\exception\AccountFrozenException.class
[INFO] Deleting file C:\Users\lenovo\eclipse-workspace\BankManagementSystem\target\classes\com\bank\exception\AccountNotFoundException.class
[INFO] Deleting file C:\Users\lenovo\eclipse-workspace\BankManagementSystem\target\classes\com\bank\exception\BusinessException.class
[INFO] Deleting file C:\Users\lenovo\eclipse-workspace\BankManagementSystem\target\classes\com\bank\exception\EmailAlreadyExistsException.class
[INFO] Deleting directory C:\Users\lenovo\eclipse-workspace\BankManagementSystem\target\classes\com\bank\exception
[INFO] Deleting file C:\Users\lenovo\eclipse-workspace\BankManagementSystem\target\classes\com\bank\service\AccountService.class
[INFO] Deleting file C:\Users\lenovo\eclipse-workspace\BankManagementSystem\target\classes\com\bank\service\AdminService.class
[INFO] Deleting file C:\Users\lenovo\eclipse-workspace\BankManagementSystem\target\classes\com\bank\service\AuthService.class
[INFO] Deleting file C:\Users\lenovo\eclipse-workspace\BankManagementSystem\target\classes\com\bank\service\CustomerService.class
[INFO] Deleting file C:\Users\lenovo\eclipse-workspace\BankManagementSystem\target\classes\com\bank\service\ExcelService.class
[INFO] Deleting file C:\Users\lenovo\eclipse-workspace\BankManagementSystem\target\classes\com\bank\service\PdfService.class
[INFO] Deleting file C:\Users\lenovo\eclipse-workspace\BankManagementSystem\target\classes\com\bank\service\TransactionService.class
[INFO] Deleting directory C:\Users\lenovo\eclipse-workspace\BankManagementSystem\target\classes\com\bank\service
[INFO] Deleting directory C:\Users\lenovo\eclipse-workspace\BankManagementSystem\target\classes\com\bank
[INFO] Deleting directory C:\Users\lenovo\eclipse-workspace\BankManagementSystem\target\classes\com
[INFO] Deleting directory C:\Users\lenovo\eclipse-workspace\BankManagementSystem\target\classes
[INFO] Deleting directory C:\Users\lenovo\eclipse-workspace\BankManagementSystem\target\generated-sources\annotations
[INFO] Deleting directory C:\Users\lenovo\eclipse-workspace\BankManagementSystem\target\generated-sources
[INFO] Deleting file C:\Users\lenovo\eclipse-workspace\BankManagementSystem\target\maven-status\maven-compiler-plugin\compile\default-compile\createdFiles.lst
[INFO] Deleting file C:\Users\lenovo\eclipse-workspace\BankManagementSystem\target\maven-status\maven-compiler-plugin\compile\default-compile\inputFiles.lst
[INFO] Deleting directory C:\Users\lenovo\eclipse-workspace\BankManagementSystem\target\maven-status\maven-compiler-plugin\compile\default-compile
[INFO] Deleting directory C:\Users\lenovo\eclipse-workspace\BankManagementSystem\target\maven-status\maven-compiler-plugin\compile
[INFO] Deleting directory C:\Users\lenovo\eclipse-workspace\BankManagementSystem\target\maven-status\maven-compiler-plugin
[INFO] Deleting directory C:\Users\lenovo\eclipse-workspace\BankManagementSystem\target\maven-status
[INFO] Deleting directory C:\Users\lenovo\eclipse-workspace\BankManagementSystem\target
[DEBUG] Skipping non-existing directory C:\Users\lenovo\eclipse-workspace\BankManagementSystem\target\classes
[DEBUG] Skipping non-existing directory C:\Users\lenovo\eclipse-workspace\BankManagementSystem\target\test-classes
[DEBUG] Skipping non-existing directory C:\Users\lenovo\eclipse-workspace\BankManagementSystem\target\classes
[INFO] 
[INFO] --- resources:3.3.1:resources (default-resources) @ bank-management-system ---
[DEBUG] Dependency collection stats {ConflictMarker.analyzeTime=127900, ConflictMarker.markTime=251900, ConflictMarker.nodeCount=13, ConflictIdSorter.graphTime=187800, ConflictIdSorter.topsortTime=49900, ConflictIdSorter.conflictIdCount=9, ConflictIdSorter.conflictIdCycleCount=0, ConflictResolver.totalTime=481700, ConflictResolver.conflictItemCount=13, DfDependencyCollector.collectTime=169027700, DfDependencyCollector.transformTime=1138900}
[DEBUG] org.apache.maven.plugins:maven-resources-plugin:jar:3.3.1
[DEBUG]    org.codehaus.plexus:plexus-interpolation:jar:1.26:runtime
[DEBUG]    org.codehaus.plexus:plexus-utils:jar:3.5.1:compile
[DEBUG]    org.apache.maven.shared:maven-filtering:jar:3.3.1:compile
[DEBUG]       javax.inject:javax.inject:jar:1:compile
[DEBUG]       org.slf4j:slf4j-api:jar:1.7.36:compile
[DEBUG]       org.sonatype.plexus:plexus-build-api:jar:0.0.7:compile
[DEBUG]    commons-io:commons-io:jar:2.11.0:compile
[DEBUG]    org.apache.commons:commons-lang3:jar:3.12.0:compile
[DEBUG] Created new class realm plugin>org.apache.maven.plugins:maven-resources-plugin:3.3.1
[DEBUG] Importing foreign packages into class realm plugin>org.apache.maven.plugins:maven-resources-plugin:3.3.1
[DEBUG]   Imported:  < maven.api
[DEBUG] Populating class realm plugin>org.apache.maven.plugins:maven-resources-plugin:3.3.1
[DEBUG]   Included: org.apache.maven.plugins:maven-resources-plugin:jar:3.3.1
[DEBUG]   Included: org.codehaus.plexus:plexus-interpolation:jar:1.26
[DEBUG]   Included: org.codehaus.plexus:plexus-utils:jar:3.5.1
[DEBUG]   Included: org.apache.maven.shared:maven-filtering:jar:3.3.1
[DEBUG]   Included: org.sonatype.plexus:plexus-build-api:jar:0.0.7
[DEBUG]   Included: commons-io:commons-io:jar:2.11.0
[DEBUG]   Included: org.apache.commons:commons-lang3:jar:3.12.0
[DEBUG] Loading mojo org.apache.maven.plugins:maven-resources-plugin:3.3.1:resources from plugin realm ClassRealm[plugin>org.apache.maven.plugins:maven-resources-plugin:3.3.1, parent: jdk.internal.loader.ClassLoaders$AppClassLoader@1affbebc]
[DEBUG] Configuring mojo execution 'org.apache.maven.plugins:maven-resources-plugin:3.3.1:resources:default-resources' with basic configurator -->
[DEBUG]   (f) addDefaultExcludes = true
[DEBUG]   (f) buildFilters = []
[DEBUG]   (s) delimiters = [@]
[DEBUG]   (f) encoding = UTF-8
[DEBUG]   (f) escapeWindowsPaths = true
[DEBUG]   (f) fileNameFiltering = false
[DEBUG]   (s) includeEmptyDirs = false
[DEBUG]   (s) outputDirectory = C:\Users\lenovo\eclipse-workspace\BankManagementSystem\target\classes
[DEBUG]   (s) overwrite = false
[DEBUG]   (f) project = MavenProject: com.bank:bank-management-system:0.0.1-SNAPSHOT @ C:\Users\lenovo\eclipse-workspace\BankManagementSystem\pom.xml
[DEBUG]   (f) propertiesEncoding = UTF-8
[DEBUG]   (s) resources = [Resource {targetPath: null, filtering: true, FileSet {directory: C:\Users\lenovo\eclipse-workspace\BankManagementSystem\src\main\resources, PatternSet [includes: {**/application*.yml, **/application*.yaml, **/application*.properties}, excludes: {}]}}, Resource {targetPath: null, filtering: false, FileSet {directory: C:\Users\lenovo\eclipse-workspace\BankManagementSystem\src\main\resources, PatternSet [includes: {}, excludes: {**/application*.yml, **/application*.yaml, **/application*.properties}]}}]
[DEBUG]   (f) session = org.apache.maven.execution.MavenSession@5b7c8930
[DEBUG]   (f) skip = false
[DEBUG]   (f) supportMultiLineFiltering = false
[DEBUG]   (f) useBuildFilters = true
[DEBUG]   (s) useDefaultDelimiters = false
[DEBUG] -- end configuration --
[DEBUG] properties used:
[DEBUG] activemq.version: 6.1.7
[DEBUG] angus-mail.version: 2.0.4
[DEBUG] artemis.version: 2.40.0
[DEBUG] aspectj.version: 1.9.24
[DEBUG] assertj.version: 3.27.4
[DEBUG] awaitility.version: 4.2.2
[DEBUG] brave.version: 6.1.0
[DEBUG] build-helper-maven-plugin.version: 3.6.1
[DEBUG] byte-buddy.version: 1.17.7
[DEBUG] cache2k.version: 2.6.1.Final
[DEBUG] caffeine.version: 3.2.2
[DEBUG] cassandra-driver.version: 4.19.0
[DEBUG] classmate.version: 1.7.0
[DEBUG] classworlds.conf: C:\Users\lenovo\.m2\wrapper\dists\apache-maven-3.9.16\0daed3be3ebd1c706f0e69e8b07c6b73f5cc4ea3dfce72a8d0ec2e849ca2ddb0\bin\m2.conf
[DEBUG] commons-codec.version: 1.18.0
[DEBUG] commons-dbcp2.version: 2.13.0
[DEBUG] commons-lang3.version: 3.17.0
[DEBUG] commons-pool.version: 1.6
[DEBUG] commons-pool2.version: 2.12.1
[DEBUG] couchbase-client.version: 3.8.3
[DEBUG] crac.version: 1.5.0
[DEBUG] cyclonedx-maven-plugin.version: 2.9.1
[DEBUG] db2-jdbc.version: 12.1.2.0
[DEBUG] dependency-management-plugin.version: 1.1.7
[DEBUG] derby.version: 10.16.1.1
[DEBUG] ehcache3.version: 3.10.8
[DEBUG] elasticsearch-client.version: 8.18.5
[DEBUG] env.=::: ::\
[DEBUG] env.=C:: C:\Users\lenovo\eclipse-workspace\BankManagementSystem
[DEBUG] env.=EXITCODE: 00000000
[DEBUG] env.ALLUSERSPROFILE: C:\ProgramData
[DEBUG] env.APPDATA: C:\Users\lenovo\AppData\Roaming
[DEBUG] env.CLASSWORLDS_JAR: "C:\Users\lenovo\.m2\wrapper\dists\apache-maven-3.9.16\0daed3be3ebd1c706f0e69e8b07c6b73f5cc4ea3dfce72a8d0ec2e849ca2ddb0\boot\plexus-classworlds-2.11.0.jar"
[DEBUG] env.CLASSWORLDS_LAUNCHER: org.codehaus.plexus.classworlds.launcher.Launcher
[DEBUG] env.COMMONPROGRAMFILES: C:\Program Files\Common Files
[DEBUG] env.COMMONPROGRAMFILES(X86): C:\Program Files (x86)\Common Files
[DEBUG] env.COMMONPROGRAMW6432: C:\Program Files\Common Files
[DEBUG] env.COMPUTERNAME: DESKTOP-8CRBD4C
[DEBUG] env.COMSPEC: C:\WINDOWS\system32\cmd.exe
[DEBUG] env.DRIVERDATA: C:\Windows\System32\Drivers\DriverData
[DEBUG] env.EFC_8916_1592913036: 1
[DEBUG] env.EFC_8916_4126798990: 1
[DEBUG] env.ERROR_CODE: 0
[DEBUG] env.EXEC_DIR: C:\Users\lenovo\eclipse-workspace\BankManagementSystem
[DEBUG] env.HOMEDRIVE: C:
[DEBUG] env.HOMEPATH: \Users\lenovo
[DEBUG] env.INTELLIJ IDEA COMMUNITY EDITION: C:\Program Files\JetBrains\IntelliJ IDEA Community Edition 2025.2.2\bin
[DEBUG] env.INTERNAL_MAVEN_OPTS: --enable-native-access=ALL-UNNAMED 
[DEBUG] env.JAVACMD: C:\Program Files\Java\jdk-24\bin\java.exe
[DEBUG] env.JAVA_HOME: C:\Program Files\Java\jdk-24
[DEBUG] env.JVMCONFIG: \.mvn\jvm.config
[DEBUG] env.LOCALAPPDATA: C:\Users\lenovo\AppData\Local
[DEBUG] env.LOGONSERVER: \\DESKTOP-8CRBD4C
[DEBUG] env.MAVEN_CMD_LINE_ARGS: clean compile -X
[DEBUG] env.MAVEN_HOME: C:\Users\lenovo\.m2\wrapper\dists\apache-maven-3.9.16\0daed3be3ebd1c706f0e69e8b07c6b73f5cc4ea3dfce72a8d0ec2e849ca2ddb0
[DEBUG] env.MAVEN_PROJECTBASEDIR: C:\Users\lenovo\eclipse-workspace\BankManagementSystem
[DEBUG] env.NUMBER_OF_PROCESSORS: 8
[DEBUG] env.ONEDRIVE: C:\Users\lenovo\OneDrive
[DEBUG] env.ONEDRIVECONSUMER: C:\Users\lenovo\OneDrive
[DEBUG] env.OS: Windows_NT
[DEBUG] env.PATH: C:\Program Files\Python313\Scripts\;C:\Program Files\Python313\;C:\Program Files\Common Files\Oracle\Java\javapath;C:\WINDOWS\system32;C:\WINDOWS;C:\WINDOWS\System32\Wbem;C:\WINDOWS\System32\WindowsPowerShell\v1.0\;C:\WINDOWS\System32\OpenSSH\;C:\Program Files\Java\jdk-24\bin;C:\Program Files\MySQL\MySQL Server 8.0\bin;C:\Program Files\nodejs\;C:\Program Files\MySQL\MySQL Shell 8.0\bin\;c:\Users\lenovo\AppData\Local\Programs\cursor\resources\app\codeBin;C:\Users\lenovo\AppData\Local\Microsoft\WindowsApps;C:\Users\lenovo\AppData\Local\Programs\Microsoft VS Code\bin;C:\Program Files\JetBrains\IntelliJ IDEA Community Edition 2025.2.2\bin;C:\Users\lenovo\AppData\Local\Python\bin;C:\Users\lenovo\AppData\Local\Programs\cursor\resources\app\bin;C:\Users\lenovo\AppData\Roaming\npm;C:\Program Files\Java\jdk-24\bin;C:\Program Files\dotnet\;C:\Program Files\Git\cmd;C:\Program Files\MySQL\MySQL Shell 8.0\bin\;c:\Users\lenovo\AppData\Local\Programs\cursor\resources\app\codeBin;C:\Users\lenovo\AppData\Local\Microsoft\WindowsApps;C:\Users\lenovo\AppData\Local\Programs\Microsoft VS Code\bin;C:\Program Files\JetBrains\IntelliJ IDEA Community Edition 2025.2.2\bin;C:\Users\lenovo\AppData\Local\Python\bin;C:\Users\lenovo\AppData\Roaming\npm;C:\Users\lenovo\AppData\Local\Programs\DockerDesktop\resources\bin
[DEBUG] env.PATHEXT: .COM;.EXE;.BAT;.CMD;.VBS;.VBE;.JS;.JSE;.WSF;.WSH;.MSC;.PY;.PYW
[DEBUG] env.PROCESSOR_ARCHITECTURE: AMD64
[DEBUG] env.PROCESSOR_IDENTIFIER: Intel64 Family 6 Model 126 Stepping 5, GenuineIntel
[DEBUG] env.PROCESSOR_LEVEL: 6
[DEBUG] env.PROCESSOR_REVISION: 7e05
[DEBUG] env.PROGRAMDATA: C:\ProgramData
[DEBUG] env.PROGRAMFILES: C:\Program Files
[DEBUG] env.PROGRAMFILES(X86): C:\Program Files (x86)
[DEBUG] env.PROGRAMW6432: C:\Program Files
[DEBUG] env.PROMPT: $P$G
[DEBUG] env.PSMODULEPATH: C:\Program Files\WindowsPowerShell\Modules;C:\WINDOWS\system32\WindowsPowerShell\v1.0\Modules
[DEBUG] env.PUBLIC: C:\Users\Public
[DEBUG] env.SESSIONNAME: Console
[DEBUG] env.SYSTEMDRIVE: C:
[DEBUG] env.SYSTEMROOT: C:\WINDOWS
[DEBUG] env.TEMP: C:\Users\lenovo\AppData\Local\Temp
[DEBUG] env.TMP: C:\Users\lenovo\AppData\Local\Temp
[DEBUG] env.USERDOMAIN: DESKTOP-8CRBD4C
[DEBUG] env.USERDOMAIN_ROAMINGPROFILE: DESKTOP-8CRBD4C
[DEBUG] env.USERNAME: Iram
[DEBUG] env.USERPROFILE: C:\Users\lenovo
[DEBUG] env.WDIR: C:\Users\lenovo\eclipse-workspace\BankManagementSystem
[DEBUG] env.WINDIR: C:\WINDOWS
[DEBUG] env.__MVNW_CMD__: C:\Users\lenovo/.m2/wrapper/dists/apache-maven-3.9.16/0daed3be3ebd1c706f0e69e8b07c6b73f5cc4ea3dfce72a8d0ec2e849ca2ddb0/bin/mvn.cmd
[DEBUG] file.encoding: UTF-8
[DEBUG] file.separator: \
[DEBUG] flyway.version: 11.7.2
[DEBUG] freemarker.version: 2.3.34
[DEBUG] git-commit-id-maven-plugin.version: 9.0.2
[DEBUG] glassfish-jaxb.version: 4.0.5
[DEBUG] glassfish-jstl.version: 3.0.1
[DEBUG] graphql-java.version: 24.1
[DEBUG] groovy.version: 4.0.28
[DEBUG] gson.version: 2.13.1
[DEBUG] h2.version: 2.3.232
[DEBUG] hamcrest.version: 3.0
[DEBUG] hazelcast.version: 5.5.0
[DEBUG] hibernate-validator.version: 8.0.3.Final
[DEBUG] hibernate.version: 6.6.26.Final
[DEBUG] hikaricp.version: 6.3.2
[DEBUG] hsqldb.version: 2.7.3
[DEBUG] htmlunit.version: 4.11.1
[DEBUG] httpasyncclient.version: 4.1.5
[DEBUG] httpclient5.version: 5.5
[DEBUG] httpcore.version: 4.4.16
[DEBUG] httpcore5.version: 5.3.4
[DEBUG] infinispan.version: 15.2.5.Final
[DEBUG] influxdb-java.version: 2.25
[DEBUG] jackson-bom.version: 2.19.2
[DEBUG] jakarta-activation.version: 2.1.3
[DEBUG] jakarta-annotation.version: 2.1.1
[DEBUG] jakarta-inject.version: 2.0.1
[DEBUG] jakarta-jms.version: 3.1.0
[DEBUG] jakarta-json-bind.version: 3.0.1
[DEBUG] jakarta-json.version: 2.1.3
[DEBUG] jakarta-mail.version: 2.1.3
[DEBUG] jakarta-management.version: 1.1.4
[DEBUG] jakarta-persistence.version: 3.1.0
[DEBUG] jakarta-servlet-jsp-jstl.version: 3.0.2
[DEBUG] jakarta-servlet.version: 6.0.0
[DEBUG] jakarta-transaction.version: 2.0.1
[DEBUG] jakarta-validation.version: 3.0.2
[DEBUG] jakarta-websocket.version: 2.1.1
[DEBUG] jakarta-ws-rs.version: 3.1.0
[DEBUG] jakarta-xml-bind.version: 4.0.2
[DEBUG] jakarta-xml-soap.version: 3.0.2
[DEBUG] jakarta-xml-ws.version: 4.0.2
[DEBUG] janino.version: 3.1.12
[DEBUG] java.class.path: C:\Users\lenovo\.m2\wrapper\dists\apache-maven-3.9.16\0daed3be3ebd1c706f0e69e8b07c6b73f5cc4ea3dfce72a8d0ec2e849ca2ddb0\boot\plexus-classworlds-2.11.0.jar
[DEBUG] java.class.version: 68.0
[DEBUG] java.home: C:\Program Files\Java\jdk-24
[DEBUG] java.io.tmpdir: C:\Users\lenovo\AppData\Local\Temp\
[DEBUG] java.library.path: C:\Program Files\Java\jdk-24\bin;C:\WINDOWS\Sun\Java\bin;C:\WINDOWS\system32;C:\WINDOWS;C:\Program Files\Python313\Scripts\;C:\Program Files\Python313\;C:\Program Files\Common Files\Oracle\Java\javapath;C:\WINDOWS\system32;C:\WINDOWS;C:\WINDOWS\System32\Wbem;C:\WINDOWS\System32\WindowsPowerShell\v1.0\;C:\WINDOWS\System32\OpenSSH\;C:\Program Files\Java\jdk-24\bin;C:\Program Files\MySQL\MySQL Server 8.0\bin;C:\Program Files\nodejs\;C:\Program Files\MySQL\MySQL Shell 8.0\bin\;c:\Users\lenovo\AppData\Local\Programs\cursor\resources\app\codeBin;C:\Users\lenovo\AppData\Local\Microsoft\WindowsApps;C:\Users\lenovo\AppData\Local\Programs\Microsoft VS Code\bin;C:\Program Files\JetBrains\IntelliJ IDEA Community Edition 2025.2.2\bin;C:\Users\lenovo\AppData\Local\Python\bin;C:\Users\lenovo\AppData\Local\Programs\cursor\resources\app\bin;C:\Users\lenovo\AppData\Roaming\npm;C:\Program Files\Java\jdk-24\bin;C:\Program Files\dotnet\;C:\Program Files\Git\cmd;C:\Program Files\MySQL\MySQL Shell 8.0\bin\;c:\Users\lenovo\AppData\Local\Programs\cursor\resources\app\codeBin;C:\Users\lenovo\AppData\Local\Microsoft\WindowsApps;C:\Users\lenovo\AppData\Local\Programs\Microsoft VS Code\bin;C:\Program Files\JetBrains\IntelliJ IDEA Community Edition 2025.2.2\bin;C:\Users\lenovo\AppData\Local\Python\bin;C:\Users\lenovo\AppData\Roaming\npm;C:\Users\lenovo\AppData\Local\Programs\DockerDesktop\resources\bin;.
[DEBUG] java.runtime.name: Java(TM) SE Runtime Environment
[DEBUG] java.runtime.version: 24.0.2+12-54
[DEBUG] java.specification.name: Java Platform API Specification
[DEBUG] java.specification.vendor: Oracle Corporation
[DEBUG] java.specification.version: 24
[DEBUG] java.vendor: Oracle Corporation
[DEBUG] java.vendor.url: https://java.oracle.com/
[DEBUG] java.vendor.url.bug: https://bugreport.java.com/bugreport/
[DEBUG] java.version: 24.0.2
[DEBUG] java.version.date: 2025-07-15
[DEBUG] java.vm.compressedOopsMode: Zero based
[DEBUG] java.vm.info: mixed mode, sharing
[DEBUG] java.vm.name: Java HotSpot(TM) 64-Bit Server VM
[DEBUG] java.vm.specification.name: Java Virtual Machine Specification
[DEBUG] java.vm.specification.vendor: Oracle Corporation
[DEBUG] java.vm.specification.version: 24
[DEBUG] java.vm.vendor: Oracle Corporation
[DEBUG] java.vm.version: 24.0.2+12-54
[DEBUG] javax-cache.version: 1.1.1
[DEBUG] javax-money.version: 1.1
[DEBUG] jaxen.version: 2.0.0
[DEBUG] jaybird.version: 6.0.2
[DEBUG] jboss-logging.version: 3.6.1.Final
[DEBUG] jdk.debug: release
[DEBUG] jdom2.version: 2.0.6.1
[DEBUG] jedis.version: 6.0.0
[DEBUG] jersey.version: 3.1.11
[DEBUG] jetty-reactive-httpclient.version: 4.0.11
[DEBUG] jetty.version: 12.0.25
[DEBUG] jmustache.version: 1.16
[DEBUG] jooq.version: 3.19.25
[DEBUG] json-path.version: 2.9.0
[DEBUG] json-smart.version: 2.5.2
[DEBUG] jsonassert.version: 1.5.3
[DEBUG] jtds.version: 1.3.1
[DEBUG] junit-jupiter.version: 5.12.2
[DEBUG] junit.version: 4.13.2
[DEBUG] kafka.version: 3.9.1
[DEBUG] kotlin-coroutines.version: 1.8.1
[DEBUG] kotlin-serialization.version: 1.6.3
[DEBUG] kotlin.version: 1.9.25
[DEBUG] lettuce.version: 6.6.0.RELEASE
[DEBUG] library.jansi.path: C:\Users\lenovo\.m2\wrapper\dists\apache-maven-3.9.16\0daed3be3ebd1c706f0e69e8b07c6b73f5cc4ea3dfce72a8d0ec2e849ca2ddb0\lib\jansi-native
[DEBUG] line.separator: 

[DEBUG] liquibase.version: 4.31.1
[DEBUG] log4j2.version: 2.24.3
[DEBUG] logback.version: 1.5.18
[DEBUG] lombok.version: 1.18.38
[DEBUG] mariadb.version: 3.5.5
[DEBUG] maven-antrun-plugin.version: 3.1.0
[DEBUG] maven-assembly-plugin.version: 3.7.1
[DEBUG] maven-clean-plugin.version: 3.4.1
[DEBUG] maven-compiler-plugin.version: 3.14.0
[DEBUG] maven-dependency-plugin.version: 3.8.1
[DEBUG] maven-deploy-plugin.version: 3.1.4
[DEBUG] maven-enforcer-plugin.version: 3.5.0
[DEBUG] maven-failsafe-plugin.version: 3.5.3
[DEBUG] maven-help-plugin.version: 3.5.1
[DEBUG] maven-install-plugin.version: 3.1.4
[DEBUG] maven-invoker-plugin.version: 3.9.1
[DEBUG] maven-jar-plugin.version: 3.4.2
[DEBUG] maven-javadoc-plugin.version: 3.11.3
[DEBUG] maven-resources-plugin.version: 3.3.1
[DEBUG] maven-shade-plugin.version: 3.6.0
[DEBUG] maven-source-plugin.version: 3.3.1
[DEBUG] maven-surefire-plugin.version: 3.5.3
[DEBUG] maven-war-plugin.version: 3.4.0
[DEBUG] maven.build.timestamp: 2026-08-07T07:05:15Z
[DEBUG] maven.build.version: Apache Maven 3.9.16 (2bdd9fddda4b155ebf8000e807eb73fd829a51d5)
[DEBUG] maven.compiler.release: 21
[DEBUG] maven.conf: C:\Users\lenovo\.m2\wrapper\dists\apache-maven-3.9.16\0daed3be3ebd1c706f0e69e8b07c6b73f5cc4ea3dfce72a8d0ec2e849ca2ddb0/conf
[DEBUG] maven.home: C:\Users\lenovo\.m2\wrapper\dists\apache-maven-3.9.16\0daed3be3ebd1c706f0e69e8b07c6b73f5cc4ea3dfce72a8d0ec2e849ca2ddb0
[DEBUG] maven.multiModuleProjectDirectory: C:\Users\lenovo\eclipse-workspace\BankManagementSystem
[DEBUG] maven.version: 3.9.16
[DEBUG] micrometer-tracing.version: 1.5.3
[DEBUG] micrometer.version: 1.15.3
[DEBUG] mockito.version: 5.17.0
[DEBUG] mongodb.version: 5.5.1
[DEBUG] mssql-jdbc.version: 12.10.1.jre11
[DEBUG] mysql.version: 9.4.0
[DEBUG] native-build-tools-plugin.version: 0.10.6
[DEBUG] native.encoding: Cp1252
[DEBUG] nekohtml.version: 1.9.22
[DEBUG] neo4j-java-driver.version: 5.28.9
[DEBUG] netty.version: 4.1.124.Final
[DEBUG] opentelemetry.version: 1.49.0
[DEBUG] oracle-database.version: 23.7.0.25.01
[DEBUG] oracle-r2dbc.version: 1.3.0
[DEBUG] os.arch: amd64
[DEBUG] os.name: Windows 11
[DEBUG] os.version: 10.0
[DEBUG] path.separator: ;
[DEBUG] pooled-jms.version: 3.1.7
[DEBUG] postgresql.version: 42.7.7
[DEBUG] project.baseUri: file:/C:/Users/lenovo/eclipse-workspace/BankManagementSystem/
[DEBUG] project.build.sourceEncoding: UTF-8
[DEBUG] project.reporting.outputEncoding: UTF-8
[DEBUG] prometheus-client.version: 1.3.10
[DEBUG] prometheus-simpleclient.version: 0.16.0
[DEBUG] pulsar-reactive.version: 0.6.0
[DEBUG] pulsar.version: 4.0.6
[DEBUG] quartz.version: 2.5.0
[DEBUG] querydsl.version: 5.1.0
[DEBUG] r2dbc-h2.version: 1.0.0.RELEASE
[DEBUG] r2dbc-mariadb.version: 1.3.0
[DEBUG] r2dbc-mssql.version: 1.0.2.RELEASE
[DEBUG] r2dbc-mysql.version: 1.4.1
[DEBUG] r2dbc-pool.version: 1.0.2.RELEASE
[DEBUG] r2dbc-postgresql.version: 1.0.7.RELEASE
[DEBUG] r2dbc-proxy.version: 1.1.6.RELEASE
[DEBUG] r2dbc-spi.version: 1.0.0.RELEASE
[DEBUG] rabbit-amqp-client.version: 5.25.0
[DEBUG] rabbit-stream-client.version: 0.23.0
[DEBUG] reactive-streams.version: 1.0.4
[DEBUG] reactor-bom.version: 2024.0.9
[DEBUG] resource.delimiter: @
[DEBUG] rest-assured.version: 5.5.6
[DEBUG] rsocket.version: 1.1.5
[DEBUG] rxjava3.version: 3.1.11
[DEBUG] saaj-impl.version: 3.0.4
[DEBUG] selenium-htmlunit.version: 4.30.0
[DEBUG] selenium.version: 4.31.0
[DEBUG] sendgrid.version: 4.10.3
[DEBUG] slf4j.version: 2.0.17
[DEBUG] snakeyaml.version: 2.4
[DEBUG] spring-amqp.version: 3.2.6
[DEBUG] spring-authorization-server.version: 1.5.2
[DEBUG] spring-batch.version: 5.2.2
[DEBUG] spring-boot.run.main-class: ${start-class}
[DEBUG] spring-data-bom.version: 2025.0.3
[DEBUG] spring-framework.version: 6.2.10
[DEBUG] spring-graphql.version: 1.4.1
[DEBUG] spring-hateoas.version: 2.5.1
[DEBUG] spring-integration.version: 6.5.1
[DEBUG] spring-kafka.version: 3.3.9
[DEBUG] spring-ldap.version: 3.3.3
[DEBUG] spring-pulsar.version: 1.2.9
[DEBUG] spring-restdocs.version: 3.0.5
[DEBUG] spring-retry.version: 2.0.12
[DEBUG] spring-security.version: 6.5.3
[DEBUG] spring-session.version: 3.5.2
[DEBUG] spring-ws.version: 4.1.1
[DEBUG] sqlite-jdbc.version: 3.49.1.0
[DEBUG] stderr.encoding: cp850
[DEBUG] stdout.encoding: Cp1252
[DEBUG] sun.arch.data.model: 64
[DEBUG] sun.boot.library.path: C:\Program Files\Java\jdk-24\bin
[DEBUG] sun.cpu.endian: little
[DEBUG] sun.cpu.isalist: amd64
[DEBUG] sun.io.unicode.encoding: UnicodeLittle
[DEBUG] sun.java.command: org.codehaus.plexus.classworlds.launcher.Launcher clean compile -X
[DEBUG] sun.java.launcher: SUN_STANDARD
[DEBUG] sun.jnu.encoding: Cp1252
[DEBUG] sun.management.compiler: HotSpot 64-Bit Tiered Compilers
[DEBUG] sun.os.patch.level: 
[DEBUG] testcontainers-redis-module.version: 2.2.4
[DEBUG] testcontainers.version: 1.21.3
[DEBUG] thymeleaf-extras-data-attribute.version: 2.0.1
[DEBUG] thymeleaf-extras-springsecurity.version: 3.1.3.RELEASE
[DEBUG] thymeleaf-layout-dialect.version: 3.4.0
[DEBUG] thymeleaf.version: 3.1.3.RELEASE
[DEBUG] tomcat.version: 10.1.44
[DEBUG] unboundid-ldapsdk.version: 7.0.3
[DEBUG] undertow.version: 2.3.18.Final
[DEBUG] user.country: IN
[DEBUG] user.dir: C:\Users\lenovo\eclipse-workspace\BankManagementSystem
[DEBUG] user.home: C:\Users\lenovo
[DEBUG] user.language: en
[DEBUG] user.name: Iram
[DEBUG] user.script: 
[DEBUG] user.variant: 
[DEBUG] versions-maven-plugin.version: 2.18.0
[DEBUG] vibur.version: 26.0
[DEBUG] webjars-locator-core.version: 0.59
[DEBUG] webjars-locator-lite.version: 1.1.0
[DEBUG] wsdl4j.version: 1.6.3
[DEBUG] xml-maven-plugin.version: 1.1.0
[DEBUG] xmlunit2.version: 2.10.3
[DEBUG] yasson.version: 3.0.4
[DEBUG] zipkin-reporter.version: 3.5.1
[DEBUG] Using 'UTF-8' encoding to copy filtered resources.
[DEBUG] Using 'UTF-8' encoding to copy filtered properties files.
[DEBUG] resource with targetPath null
directory C:\Users\lenovo\eclipse-workspace\BankManagementSystem\src\main\resources
excludes []
includes [**/application*.yml, **/application*.yaml, **/application*.properties]
[DEBUG] ignoreDelta true
[INFO] Copying 1 resource from src\main\resources to target\classes
[DEBUG] Copying file application.properties
[DEBUG] file application.properties has a filtered file extension
[DEBUG] Using 'UTF-8' encoding to copy filtered resource 'application.properties'.
[DEBUG] filtering C:\Users\lenovo\eclipse-workspace\BankManagementSystem\src\main\resources\application.properties to C:\Users\lenovo\eclipse-workspace\BankManagementSystem\target\classes\application.properties
[DEBUG] resource with targetPath null
directory C:\Users\lenovo\eclipse-workspace\BankManagementSystem\src\main\resources
excludes [**/application*.yml, **/application*.yaml, **/application*.properties]
includes []
[DEBUG] ignoreDelta true
[INFO] Copying 0 resource from src\main\resources to target\classes
[DEBUG] no user filter components
[INFO] 
[INFO] --- compiler:3.14.0:compile (default-compile) @ bank-management-system ---
[DEBUG] Dependency collection stats {ConflictMarker.analyzeTime=159500, ConflictMarker.markTime=99500, ConflictMarker.nodeCount=22, ConflictIdSorter.graphTime=90900, ConflictIdSorter.topsortTime=59500, ConflictIdSorter.conflictIdCount=14, ConflictIdSorter.conflictIdCycleCount=0, ConflictResolver.totalTime=786400, ConflictResolver.conflictItemCount=22, DfDependencyCollector.collectTime=138500700, DfDependencyCollector.transformTime=1249200}
[DEBUG] org.apache.maven.plugins:maven-compiler-plugin:jar:3.14.0
[DEBUG]    org.apache.maven.shared:maven-shared-utils:jar:3.4.2:compile
[DEBUG]       org.slf4j:slf4j-api:jar:1.7.36:compile
[DEBUG]       commons-io:commons-io:jar:2.11.0:compile
[DEBUG]    org.apache.maven.shared:maven-shared-incremental:jar:1.1:compile
[DEBUG]    org.codehaus.plexus:plexus-java:jar:1.4.0:compile
[DEBUG]       org.ow2.asm:asm:jar:9.7.1:compile
[DEBUG]       com.thoughtworks.qdox:qdox:jar:2.2.0:compile
[DEBUG]    org.codehaus.plexus:plexus-compiler-api:jar:2.15.0:compile
[DEBUG]    org.codehaus.plexus:plexus-compiler-manager:jar:2.15.0:compile
[DEBUG]       javax.inject:javax.inject:jar:1:compile
[DEBUG]       org.codehaus.plexus:plexus-xml:jar:3.0.1:compile (version managed from default)
[DEBUG]    org.codehaus.plexus:plexus-compiler-javac:jar:2.15.0:runtime
[DEBUG]    org.codehaus.plexus:plexus-utils:jar:4.0.1:compile
[DEBUG] Created new class realm plugin>org.apache.maven.plugins:maven-compiler-plugin:3.14.0
[DEBUG] Importing foreign packages into class realm plugin>org.apache.maven.plugins:maven-compiler-plugin:3.14.0
[DEBUG]   Imported:  < maven.api
[DEBUG] Populating class realm plugin>org.apache.maven.plugins:maven-compiler-plugin:3.14.0
[DEBUG]   Included: org.apache.maven.plugins:maven-compiler-plugin:jar:3.14.0
[DEBUG]   Included: org.apache.maven.shared:maven-shared-utils:jar:3.4.2
[DEBUG]   Included: commons-io:commons-io:jar:2.11.0
[DEBUG]   Included: org.apache.maven.shared:maven-shared-incremental:jar:1.1
[DEBUG]   Included: org.codehaus.plexus:plexus-java:jar:1.4.0
[DEBUG]   Included: org.ow2.asm:asm:jar:9.7.1
[DEBUG]   Included: com.thoughtworks.qdox:qdox:jar:2.2.0
[DEBUG]   Included: org.codehaus.plexus:plexus-compiler-api:jar:2.15.0
[DEBUG]   Included: org.codehaus.plexus:plexus-compiler-manager:jar:2.15.0
[DEBUG]   Included: org.codehaus.plexus:plexus-xml:jar:3.0.1
[DEBUG]   Included: org.codehaus.plexus:plexus-compiler-javac:jar:2.15.0
[DEBUG]   Included: org.codehaus.plexus:plexus-utils:jar:4.0.1
[DEBUG] Loading mojo org.apache.maven.plugins:maven-compiler-plugin:3.14.0:compile from plugin realm ClassRealm[plugin>org.apache.maven.plugins:maven-compiler-plugin:3.14.0, parent: jdk.internal.loader.ClassLoaders$AppClassLoader@1affbebc]
[DEBUG] Configuring mojo execution 'org.apache.maven.plugins:maven-compiler-plugin:3.14.0:compile:default-compile' with basic configurator -->
[DEBUG]   (f) annotationProcessorPathsUseDepMgmt = false
[DEBUG]   (f) basedir = C:\Users\lenovo\eclipse-workspace\BankManagementSystem
[DEBUG]   (f) buildDirectory = C:\Users\lenovo\eclipse-workspace\BankManagementSystem\target
[DEBUG]   (f) compilePath = [C:\Users\lenovo\eclipse-workspace\BankManagementSystem\target\classes, C:\Users\lenovo\.m2\repository\org\springframework\boot\spring-boot-starter-web\3.5.5\spring-boot-starter-web-3.5.5.jar, C:\Users\lenovo\.m2\repository\org\springframework\boot\spring-boot-starter\3.5.5\spring-boot-starter-3.5.5.jar, C:\Users\lenovo\.m2\repository\org\springframework\boot\spring-boot-starter-logging\3.5.5\spring-boot-starter-logging-3.5.5.jar, C:\Users\lenovo\.m2\repository\ch\qos\logback\logback-classic\1.5.18\logback-classic-1.5.18.jar, C:\Users\lenovo\.m2\repository\ch\qos\logback\logback-core\1.5.18\logback-core-1.5.18.jar, C:\Users\lenovo\.m2\repository\org\apache\logging\log4j\log4j-to-slf4j\2.24.3\log4j-to-slf4j-2.24.3.jar, C:\Users\lenovo\.m2\repository\org\slf4j\jul-to-slf4j\2.0.17\jul-to-slf4j-2.0.17.jar, C:\Users\lenovo\.m2\repository\jakarta\annotation\jakarta.annotation-api\2.1.1\jakarta.annotation-api-2.1.1.jar, C:\Users\lenovo\.m2\repository\org\yaml\snakeyaml\2.4\snakeyaml-2.4.jar, C:\Users\lenovo\.m2\repository\org\springframework\boot\spring-boot-starter-json\3.5.5\spring-boot-starter-json-3.5.5.jar, C:\Users\lenovo\.m2\repository\com\fasterxml\jackson\datatype\jackson-datatype-jdk8\2.19.2\jackson-datatype-jdk8-2.19.2.jar, C:\Users\lenovo\.m2\repository\com\fasterxml\jackson\datatype\jackson-datatype-jsr310\2.19.2\jackson-datatype-jsr310-2.19.2.jar, C:\Users\lenovo\.m2\repository\com\fasterxml\jackson\module\jackson-module-parameter-names\2.19.2\jackson-module-parameter-names-2.19.2.jar, C:\Users\lenovo\.m2\repository\org\springframework\boot\spring-boot-starter-tomcat\3.5.5\spring-boot-starter-tomcat-3.5.5.jar, C:\Users\lenovo\.m2\repository\org\apache\tomcat\embed\tomcat-embed-core\10.1.44\tomcat-embed-core-10.1.44.jar, C:\Users\lenovo\.m2\repository\org\apache\tomcat\embed\tomcat-embed-websocket\10.1.44\tomcat-embed-websocket-10.1.44.jar, C:\Users\lenovo\.m2\repository\org\springframework\spring-web\6.2.10\spring-web-6.2.10.jar, C:\Users\lenovo\.m2\repository\org\springframework\spring-beans\6.2.10\spring-beans-6.2.10.jar, C:\Users\lenovo\.m2\repository\io\micrometer\micrometer-observation\1.15.3\micrometer-observation-1.15.3.jar, C:\Users\lenovo\.m2\repository\io\micrometer\micrometer-commons\1.15.3\micrometer-commons-1.15.3.jar, C:\Users\lenovo\.m2\repository\org\springframework\spring-webmvc\6.2.10\spring-webmvc-6.2.10.jar, C:\Users\lenovo\.m2\repository\org\springframework\spring-context\6.2.10\spring-context-6.2.10.jar, C:\Users\lenovo\.m2\repository\org\springframework\spring-expression\6.2.10\spring-expression-6.2.10.jar, C:\Users\lenovo\.m2\repository\org\springframework\boot\spring-boot-starter-thymeleaf\3.5.5\spring-boot-starter-thymeleaf-3.5.5.jar, C:\Users\lenovo\.m2\repository\org\thymeleaf\thymeleaf-spring6\3.1.3.RELEASE\thymeleaf-spring6-3.1.3.RELEASE.jar, C:\Users\lenovo\.m2\repository\org\thymeleaf\thymeleaf\3.1.3.RELEASE\thymeleaf-3.1.3.RELEASE.jar, C:\Users\lenovo\.m2\repository\org\attoparser\attoparser\2.0.7.RELEASE\attoparser-2.0.7.RELEASE.jar, C:\Users\lenovo\.m2\repository\org\unbescape\unbescape\1.1.6.RELEASE\unbescape-1.1.6.RELEASE.jar, C:\Users\lenovo\.m2\repository\org\springframework\boot\spring-boot-starter-data-jpa\3.5.5\spring-boot-starter-data-jpa-3.5.5.jar, C:\Users\lenovo\.m2\repository\org\springframework\boot\spring-boot-starter-jdbc\3.5.5\spring-boot-starter-jdbc-3.5.5.jar, C:\Users\lenovo\.m2\repository\com\zaxxer\HikariCP\6.3.2\HikariCP-6.3.2.jar, C:\Users\lenovo\.m2\repository\org\springframework\spring-jdbc\6.2.10\spring-jdbc-6.2.10.jar, C:\Users\lenovo\.m2\repository\org\hibernate\orm\hibernate-core\6.6.26.Final\hibernate-core-6.6.26.Final.jar, C:\Users\lenovo\.m2\repository\jakarta\persistence\jakarta.persistence-api\3.1.0\jakarta.persistence-api-3.1.0.jar, C:\Users\lenovo\.m2\repository\jakarta\transaction\jakarta.transaction-api\2.0.1\jakarta.transaction-api-2.0.1.jar, C:\Users\lenovo\.m2\repository\org\jboss\logging\jboss-logging\3.6.1.Final\jboss-logging-3.6.1.Final.jar, C:\Users\lenovo\.m2\repository\com\fasterxml\classmate\1.7.0\classmate-1.7.0.jar, C:\Users\lenovo\.m2\repository\org\antlr\antlr4-runtime\4.13.0\antlr4-runtime-4.13.0.jar, C:\Users\lenovo\.m2\repository\org\springframework\data\spring-data-jpa\3.5.3\spring-data-jpa-3.5.3.jar, C:\Users\lenovo\.m2\repository\org\springframework\data\spring-data-commons\3.5.3\spring-data-commons-3.5.3.jar, C:\Users\lenovo\.m2\repository\org\springframework\spring-orm\6.2.10\spring-orm-6.2.10.jar, C:\Users\lenovo\.m2\repository\org\springframework\spring-tx\6.2.10\spring-tx-6.2.10.jar, C:\Users\lenovo\.m2\repository\org\springframework\spring-aspects\6.2.10\spring-aspects-6.2.10.jar, C:\Users\lenovo\.m2\repository\org\aspectj\aspectjweaver\1.9.24\aspectjweaver-1.9.24.jar, C:\Users\lenovo\.m2\repository\org\springframework\boot\spring-boot-starter-security\3.5.5\spring-boot-starter-security-3.5.5.jar, C:\Users\lenovo\.m2\repository\org\springframework\spring-aop\6.2.10\spring-aop-6.2.10.jar, C:\Users\lenovo\.m2\repository\org\springframework\security\spring-security-config\6.5.3\spring-security-config-6.5.3.jar, C:\Users\lenovo\.m2\repository\org\springframework\security\spring-security-web\6.5.3\spring-security-web-6.5.3.jar, C:\Users\lenovo\.m2\repository\org\springframework\boot\spring-boot-starter-validation\3.5.5\spring-boot-starter-validation-3.5.5.jar, C:\Users\lenovo\.m2\repository\org\apache\tomcat\embed\tomcat-embed-el\10.1.44\tomcat-embed-el-10.1.44.jar, C:\Users\lenovo\.m2\repository\org\hibernate\validator\hibernate-validator\8.0.3.Final\hibernate-validator-8.0.3.Final.jar, C:\Users\lenovo\.m2\repository\jakarta\validation\jakarta.validation-api\3.0.2\jakarta.validation-api-3.0.2.jar, C:\Users\lenovo\.m2\repository\org\projectlombok\lombok\1.18.38\lombok-1.18.38.jar, C:\Users\lenovo\.m2\repository\org\springframework\boot\spring-boot\3.5.5\spring-boot-3.5.5.jar, C:\Users\lenovo\.m2\repository\org\springframework\boot\spring-boot-autoconfigure\3.5.5\spring-boot-autoconfigure-3.5.5.jar, C:\Users\lenovo\.m2\repository\org\thymeleaf\extras\thymeleaf-extras-springsecurity6\3.1.3.RELEASE\thymeleaf-extras-springsecurity6-3.1.3.RELEASE.jar, C:\Users\lenovo\.m2\repository\org\slf4j\slf4j-api\2.0.17\slf4j-api-2.0.17.jar, C:\Users\lenovo\.m2\repository\org\modelmapper\modelmapper\3.2.4\modelmapper-3.2.4.jar, C:\Users\lenovo\.m2\repository\io\jsonwebtoken\jjwt-api\0.12.7\jjwt-api-0.12.7.jar, C:\Users\lenovo\.m2\repository\com\fasterxml\jackson\core\jackson-databind\2.19.2\jackson-databind-2.19.2.jar, C:\Users\lenovo\.m2\repository\com\fasterxml\jackson\core\jackson-annotations\2.19.2\jackson-annotations-2.19.2.jar, C:\Users\lenovo\.m2\repository\com\fasterxml\jackson\core\jackson-core\2.19.2\jackson-core-2.19.2.jar, C:\Users\lenovo\.m2\repository\org\springdoc\springdoc-openapi-starter-webmvc-ui\2.8.9\springdoc-openapi-starter-webmvc-ui-2.8.9.jar, C:\Users\lenovo\.m2\repository\org\springdoc\springdoc-openapi-starter-webmvc-api\2.8.9\springdoc-openapi-starter-webmvc-api-2.8.9.jar, C:\Users\lenovo\.m2\repository\org\springdoc\springdoc-openapi-starter-common\2.8.9\springdoc-openapi-starter-common-2.8.9.jar, C:\Users\lenovo\.m2\repository\io\swagger\core\v3\swagger-core-jakarta\2.2.30\swagger-core-jakarta-2.2.30.jar, C:\Users\lenovo\.m2\repository\io\swagger\core\v3\swagger-annotations-jakarta\2.2.30\swagger-annotations-jakarta-2.2.30.jar, C:\Users\lenovo\.m2\repository\io\swagger\core\v3\swagger-models-jakarta\2.2.30\swagger-models-jakarta-2.2.30.jar, C:\Users\lenovo\.m2\repository\com\fasterxml\jackson\dataformat\jackson-dataformat-yaml\2.19.2\jackson-dataformat-yaml-2.19.2.jar, C:\Users\lenovo\.m2\repository\org\webjars\swagger-ui\5.21.0\swagger-ui-5.21.0.jar, C:\Users\lenovo\.m2\repository\org\webjars\webjars-locator-lite\1.1.0\webjars-locator-lite-1.1.0.jar, C:\Users\lenovo\.m2\repository\org\jspecify\jspecify\1.0.0\jspecify-1.0.0.jar, C:\Users\lenovo\.m2\repository\org\apache\poi\poi-ooxml\5.4.1\poi-ooxml-5.4.1.jar, C:\Users\lenovo\.m2\repository\org\apache\poi\poi\5.4.1\poi-5.4.1.jar, C:\Users\lenovo\.m2\repository\commons-codec\commons-codec\1.18.0\commons-codec-1.18.0.jar, C:\Users\lenovo\.m2\repository\org\apache\commons\commons-math3\3.6.1\commons-math3-3.6.1.jar, C:\Users\lenovo\.m2\repository\com\zaxxer\SparseBitSet\1.3\SparseBitSet-1.3.jar, C:\Users\lenovo\.m2\repository\org\apache\poi\poi-ooxml-lite\5.4.1\poi-ooxml-lite-5.4.1.jar, C:\Users\lenovo\.m2\repository\org\apache\xmlbeans\xmlbeans\5.3.0\xmlbeans-5.3.0.jar, C:\Users\lenovo\.m2\repository\org\apache\commons\commons-compress\1.27.1\commons-compress-1.27.1.jar, C:\Users\lenovo\.m2\repository\org\apache\commons\commons-lang3\3.17.0\commons-lang3-3.17.0.jar, C:\Users\lenovo\.m2\repository\commons-io\commons-io\2.18.0\commons-io-2.18.0.jar, C:\Users\lenovo\.m2\repository\com\github\virtuald\curvesapi\1.08\curvesapi-1.08.jar, C:\Users\lenovo\.m2\repository\org\apache\logging\log4j\log4j-api\2.24.3\log4j-api-2.24.3.jar, C:\Users\lenovo\.m2\repository\org\apache\commons\commons-collections4\4.4\commons-collections4-4.4.jar, C:\Users\lenovo\.m2\repository\com\itextpdf\itextpdf\5.5.13.4\itextpdf-5.5.13.4.jar, C:\Users\lenovo\.m2\repository\jakarta\xml\bind\jakarta.xml.bind-api\4.0.2\jakarta.xml.bind-api-4.0.2.jar, C:\Users\lenovo\.m2\repository\jakarta\activation\jakarta.activation-api\2.1.3\jakarta.activation-api-2.1.3.jar, C:\Users\lenovo\.m2\repository\org\springframework\spring-core\6.2.10\spring-core-6.2.10.jar, C:\Users\lenovo\.m2\repository\org\springframework\spring-jcl\6.2.10\spring-jcl-6.2.10.jar, C:\Users\lenovo\.m2\repository\org\springframework\security\spring-security-core\6.5.3\spring-security-core-6.5.3.jar, C:\Users\lenovo\.m2\repository\org\springframework\security\spring-security-crypto\6.5.3\spring-security-crypto-6.5.3.jar]
[DEBUG]   (f) compileSourceRoots = [C:\Users\lenovo\eclipse-workspace\BankManagementSystem\src\main\java]
[DEBUG]   (f) compilerId = javac
[DEBUG]   (f) createMissingPackageInfoClass = true
[DEBUG]   (f) debug = true
[DEBUG]   (f) debugFileName = javac
[DEBUG]   (f) enablePreview = false
[DEBUG]   (f) encoding = UTF-8
[DEBUG]   (f) failOnError = true
[DEBUG]   (f) failOnWarning = false
[DEBUG]   (f) fileExtensions = [jar, class]
[DEBUG]   (f) forceJavacCompilerUse = false
[DEBUG]   (f) forceLegacyJavacApi = false
[DEBUG]   (f) fork = false
[DEBUG]   (f) generatedSourcesDirectory = C:\Users\lenovo\eclipse-workspace\BankManagementSystem\target\generated-sources\annotations
[DEBUG]   (f) moduleVersion = 0.0.1-SNAPSHOT
[DEBUG]   (f) mojoExecution = org.apache.maven.plugins:maven-compiler-plugin:3.14.0:compile {execution: default-compile}
[DEBUG]   (f) optimize = false
[DEBUG]   (f) outputDirectory = C:\Users\lenovo\eclipse-workspace\BankManagementSystem\target\classes
[DEBUG]   (f) parameters = true
[DEBUG]   (f) project = MavenProject: com.bank:bank-management-system:0.0.1-SNAPSHOT @ C:\Users\lenovo\eclipse-workspace\BankManagementSystem\pom.xml
[DEBUG]   (f) projectArtifact = com.bank:bank-management-system:jar:0.0.1-SNAPSHOT
[DEBUG]   (s) release = 21
[DEBUG]   (f) session = org.apache.maven.execution.MavenSession@5b7c8930
[DEBUG]   (f) showCompilationChanges = false
[DEBUG]   (f) showDeprecation = false
[DEBUG]   (f) showWarnings = true
[DEBUG]   (f) skipMultiThreadWarning = false
[DEBUG]   (f) source = 1.8
[DEBUG]   (f) staleMillis = 0
[DEBUG]   (s) target = 1.8
[DEBUG]   (f) useIncrementalCompilation = true
[DEBUG]   (f) verbose = false
[DEBUG] -- end configuration --
[DEBUG] Using compiler 'javac'.
[DEBUG] Adding C:\Users\lenovo\eclipse-workspace\BankManagementSystem\target\generated-sources\annotations to compile source roots:
  C:\Users\lenovo\eclipse-workspace\BankManagementSystem\src\main\java
[DEBUG] New compile source roots:
  C:\Users\lenovo\eclipse-workspace\BankManagementSystem\src\main\java
  C:\Users\lenovo\eclipse-workspace\BankManagementSystem\target\generated-sources\annotations
[DEBUG] CompilerReuseStrategy: reuseCreated
[DEBUG] useIncrementalCompilation enabled
[INFO] 	Stale source detected: C:\Users\lenovo\eclipse-workspace\BankManagementSystem\src\main\java\com\bank\exception\GlobalExceptionHandler.java
[INFO] 	Stale source detected: C:\Users\lenovo\eclipse-workspace\BankManagementSystem\src\main\java\com\bank\service\impl\TransactionServiceImpl.java
[INFO] 	Stale source detected: C:\Users\lenovo\eclipse-workspace\BankManagementSystem\src\main\java\com\bank\enums\AccountType.java
[INFO] 	Stale source detected: C:\Users\lenovo\eclipse-workspace\BankManagementSystem\src\main\java\com\bank\service\ExcelService.java
[INFO] 	Stale source detected: C:\Users\lenovo\eclipse-workspace\BankManagementSystem\src\main\java\com\bank\service\impl\AdminServiceImpl.java
[INFO] 	Stale source detected: C:\Users\lenovo\eclipse-workspace\BankManagementSystem\src\main\java\com\bank\service\impl\AuthServiceImpl.java
[INFO] 	Stale source detected: C:\Users\lenovo\eclipse-workspace\BankManagementSystem\src\main\java\com\bank\enums\RoleType.java
[INFO] 	Stale source detected: C:\Users\lenovo\eclipse-workspace\BankManagementSystem\src\main\java\com\bank\repository\RoleRepository.java
[INFO] 	Stale source detected: C:\Users\lenovo\eclipse-workspace\BankManagementSystem\src\main\java\com\bank\dto\CustomerProfileResponse.java
[INFO] 	Stale source detected: C:\Users\lenovo\eclipse-workspace\BankManagementSystem\src\main\java\com\bank\service\impl\CustomerServiceImpl.java
[INFO] 	Stale source detected: C:\Users\lenovo\eclipse-workspace\BankManagementSystem\src\main\java\com\bank\service\impl\PdfServiceImpl.java
[INFO] 	Stale source detected: C:\Users\lenovo\eclipse-workspace\BankManagementSystem\src\main\java\com\bank\service\AccountService.java
[INFO] 	Stale source detected: C:\Users\lenovo\eclipse-workspace\BankManagementSystem\src\main\java\com\bank\exception\AccountFrozenException.java
[INFO] 	Stale source detected: C:\Users\lenovo\eclipse-workspace\BankManagementSystem\src\main\java\com\bank\controller\ExcelController.java
[INFO] 	Stale source detected: C:\Users\lenovo\eclipse-workspace\BankManagementSystem\src\main\java\com\bank\security\CustomUserDetailsService.java
[INFO] 	Stale source detected: C:\Users\lenovo\eclipse-workspace\BankManagementSystem\src\main\java\com\bank\service\AdminService.java
[INFO] 	Stale source detected: C:\Users\lenovo\eclipse-workspace\BankManagementSystem\src\main\java\com\bank\repository\UserRepository.java
[INFO] 	Stale source detected: C:\Users\lenovo\eclipse-workspace\BankManagementSystem\src\main\java\com\bank\exception\InsufficientBalanceException.java
[INFO] 	Stale source detected: C:\Users\lenovo\eclipse-workspace\BankManagementSystem\src\main\java\com\bank\dto\AuthResponse.java
[INFO] 	Stale source detected: C:\Users\lenovo\eclipse-workspace\BankManagementSystem\src\main\java\com\bank\security\CustomUserDetails.java
[INFO] 	Stale source detected: C:\Users\lenovo\eclipse-workspace\BankManagementSystem\src\main\java\com\bank\config\OpenApiConfig.java
[INFO] 	Stale source detected: C:\Users\lenovo\eclipse-workspace\BankManagementSystem\src\main\java\com\bank\dto\RegisterRequest.java
[INFO] 	Stale source detected: C:\Users\lenovo\eclipse-workspace\BankManagementSystem\src\main\java\com\bank\controller\AdminController.java
[INFO] 	Stale source detected: C:\Users\lenovo\eclipse-workspace\BankManagementSystem\src\main\java\com\bank\repository\AccountRepository.java
[INFO] 	Stale source detected: C:\Users\lenovo\eclipse-workspace\BankManagementSystem\src\main\java\com\bank\util\SecurityUtil.java
[INFO] 	Stale source detected: C:\Users\lenovo\eclipse-workspace\BankManagementSystem\src\main\java\com\bank\enums\TransactionType.java
[INFO] 	Stale source detected: C:\Users\lenovo\eclipse-workspace\BankManagementSystem\src\main\java\com\bank\dto\TransactionRequest.java
[INFO] 	Stale source detected: C:\Users\lenovo\eclipse-workspace\BankManagementSystem\src\main\java\com\bank\dto\AccountRequest.java
[INFO] 	Stale source detected: C:\Users\lenovo\eclipse-workspace\BankManagementSystem\src\main\java\com\bank\security\JwtUtil.java
[INFO] 	Stale source detected: C:\Users\lenovo\eclipse-workspace\BankManagementSystem\src\main\java\com\bank\dto\ApiErrorResponse.java
[INFO] 	Stale source detected: C:\Users\lenovo\eclipse-workspace\BankManagementSystem\src\main\java\com\bank\exception\EmailAlreadyExistsException.java
[INFO] 	Stale source detected: C:\Users\lenovo\eclipse-workspace\BankManagementSystem\src\main\java\com\bank\exception\UserNotFoundException.java
[INFO] 	Stale source detected: C:\Users\lenovo\eclipse-workspace\BankManagementSystem\src\main\java\com\bank\entity\Transaction.java
[INFO] 	Stale source detected: C:\Users\lenovo\eclipse-workspace\BankManagementSystem\src\main\java\com\bank\controller\CustomerController.java
[INFO] 	Stale source detected: C:\Users\lenovo\eclipse-workspace\BankManagementSystem\src\main\java\com\bank\dto\ChangePasswordRequest.java
[INFO] 	Stale source detected: C:\Users\lenovo\eclipse-workspace\BankManagementSystem\src\main\java\com\bank\entity\User.java
[INFO] 	Stale source detected: C:\Users\lenovo\eclipse-workspace\BankManagementSystem\src\main\java\com\bank\BankManagementSystemApplication.java
[INFO] 	Stale source detected: C:\Users\lenovo\eclipse-workspace\BankManagementSystem\src\main\java\com\bank\exception\AccountNotFoundException.java
[INFO] 	Stale source detected: C:\Users\lenovo\eclipse-workspace\BankManagementSystem\src\main\java\com\bank\service\PdfService.java
[INFO] 	Stale source detected: C:\Users\lenovo\eclipse-workspace\BankManagementSystem\src\main\java\com\bank\controller\AccountController.java
[INFO] 	Stale source detected: C:\Users\lenovo\eclipse-workspace\BankManagementSystem\src\main\java\com\bank\repository\TransactionRepository.java
[INFO] 	Stale source detected: C:\Users\lenovo\eclipse-workspace\BankManagementSystem\src\main\java\com\bank\dto\LoginRequest.java
[INFO] 	Stale source detected: C:\Users\lenovo\eclipse-workspace\BankManagementSystem\src\main\java\com\bank\dto\AccountResponse.java
[INFO] 	Stale source detected: C:\Users\lenovo\eclipse-workspace\BankManagementSystem\src\main\java\com\bank\service\CustomerService.java
[INFO] 	Stale source detected: C:\Users\lenovo\eclipse-workspace\BankManagementSystem\src\main\java\com\bank\util\PasswordGenerator.java
[INFO] 	Stale source detected: C:\Users\lenovo\eclipse-workspace\BankManagementSystem\src\main\java\com\bank\controller\PdfController.java
[INFO] 	Stale source detected: C:\Users\lenovo\eclipse-workspace\BankManagementSystem\src\main\java\com\bank\dto\UpdateProfileRequest.java
[INFO] 	Stale source detected: C:\Users\lenovo\eclipse-workspace\BankManagementSystem\src\main\java\com\bank\security\JwtAuthenticationFilter.java
[INFO] 	Stale source detected: C:\Users\lenovo\eclipse-workspace\BankManagementSystem\src\main\java\com\bank\dto\DashboardResponse.java
[INFO] 	Stale source detected: C:\Users\lenovo\eclipse-workspace\BankManagementSystem\src\main\java\com\bank\service\impl\AccountServiceImpl.java
[INFO] 	Stale source detected: C:\Users\lenovo\eclipse-workspace\BankManagementSystem\src\main\java\com\bank\validation\package-info.java
[INFO] 	Stale source detected: C:\Users\lenovo\eclipse-workspace\BankManagementSystem\src\main\java\com\bank\entity\Account.java
[INFO] 	Stale source detected: C:\Users\lenovo\eclipse-workspace\BankManagementSystem\src\main\java\com\bank\entity\Role.java
[INFO] 	Stale source detected: C:\Users\lenovo\eclipse-workspace\BankManagementSystem\src\main\java\com\bank\exception\BusinessException.java
[INFO] 	Stale source detected: C:\Users\lenovo\eclipse-workspace\BankManagementSystem\src\main\java\com\bank\enums\AccountStatus.java
[INFO] 	Stale source detected: C:\Users\lenovo\eclipse-workspace\BankManagementSystem\src\main\java\com\bank\controller\TransactionController.java
[INFO] 	Stale source detected: C:\Users\lenovo\eclipse-workspace\BankManagementSystem\src\main\java\com\bank\security\SecurityConfig.java
[INFO] 	Stale source detected: C:\Users\lenovo\eclipse-workspace\BankManagementSystem\src\main\java\com\bank\service\impl\ExcelServiceImpl.java
[INFO] 	Stale source detected: C:\Users\lenovo\eclipse-workspace\BankManagementSystem\src\main\java\com\bank\service\AuthService.java
[INFO] 	Stale source detected: C:\Users\lenovo\eclipse-workspace\BankManagementSystem\src\main\java\com\bank\entity\BaseEntity.java
[INFO] 	Stale source detected: C:\Users\lenovo\eclipse-workspace\BankManagementSystem\src\main\java\com\bank\exception\InvalidAmountException.java
[INFO] 	Stale source detected: C:\Users\lenovo\eclipse-workspace\BankManagementSystem\src\main\java\com\bank\controller\AuthController.java
[INFO] 	Stale source detected: C:\Users\lenovo\eclipse-workspace\BankManagementSystem\src\main\java\com\bank\exception\SameAccountTransferException.java
[INFO] 	Stale source detected: C:\Users\lenovo\eclipse-workspace\BankManagementSystem\src\main\java\com\bank\dto\TransactionResponse.java
[INFO] 	Stale source detected: C:\Users\lenovo\eclipse-workspace\BankManagementSystem\src\main\java\com\bank\service\TransactionService.java
[INFO] 	Stale source detected: C:\Users\lenovo\eclipse-workspace\BankManagementSystem\src\main\java\com\bank\exception\PhoneAlreadyExistsException.java
[INFO] 	Input tree files (+): C:\Users\lenovo\eclipse-workspace\BankManagementSystem\src\main\java\com\bank\BankManagementSystemApplication.java
[INFO] 	Input tree files (+): C:\Users\lenovo\eclipse-workspace\BankManagementSystem\src\main\java\com\bank\config\OpenApiConfig.java
[INFO] 	Input tree files (+): C:\Users\lenovo\eclipse-workspace\BankManagementSystem\src\main\java\com\bank\controller\AccountController.java
[INFO] 	Input tree files (+): C:\Users\lenovo\eclipse-workspace\BankManagementSystem\src\main\java\com\bank\controller\AdminController.java
[INFO] 	Input tree files (+): C:\Users\lenovo\eclipse-workspace\BankManagementSystem\src\main\java\com\bank\controller\AuthController.java
[INFO] 	Input tree files (+): C:\Users\lenovo\eclipse-workspace\BankManagementSystem\src\main\java\com\bank\controller\CustomerController.java
[INFO] 	Input tree files (+): C:\Users\lenovo\eclipse-workspace\BankManagementSystem\src\main\java\com\bank\controller\ExcelController.java
[INFO] 	Input tree files (+): C:\Users\lenovo\eclipse-workspace\BankManagementSystem\src\main\java\com\bank\controller\PdfController.java
[INFO] 	Input tree files (+): C:\Users\lenovo\eclipse-workspace\BankManagementSystem\src\main\java\com\bank\controller\TransactionController.java
[INFO] 	Input tree files (+): C:\Users\lenovo\eclipse-workspace\BankManagementSystem\src\main\java\com\bank\dto\AccountRequest.java
[INFO] 	Input tree files (+): C:\Users\lenovo\eclipse-workspace\BankManagementSystem\src\main\java\com\bank\dto\AccountResponse.java
[INFO] 	Input tree files (+): C:\Users\lenovo\eclipse-workspace\BankManagementSystem\src\main\java\com\bank\dto\ApiErrorResponse.java
[INFO] 	Input tree files (+): C:\Users\lenovo\eclipse-workspace\BankManagementSystem\src\main\java\com\bank\dto\AuthResponse.java
[INFO] 	Input tree files (+): C:\Users\lenovo\eclipse-workspace\BankManagementSystem\src\main\java\com\bank\dto\ChangePasswordRequest.java
[INFO] 	Input tree files (+): C:\Users\lenovo\eclipse-workspace\BankManagementSystem\src\main\java\com\bank\dto\CustomerProfileResponse.java
[INFO] 	Input tree files (+): C:\Users\lenovo\eclipse-workspace\BankManagementSystem\src\main\java\com\bank\dto\DashboardResponse.java
[INFO] 	Input tree files (+): C:\Users\lenovo\eclipse-workspace\BankManagementSystem\src\main\java\com\bank\dto\LoginRequest.java
[INFO] 	Input tree files (+): C:\Users\lenovo\eclipse-workspace\BankManagementSystem\src\main\java\com\bank\dto\RegisterRequest.java
[INFO] 	Input tree files (+): C:\Users\lenovo\eclipse-workspace\BankManagementSystem\src\main\java\com\bank\dto\TransactionRequest.java
[INFO] 	Input tree files (+): C:\Users\lenovo\eclipse-workspace\BankManagementSystem\src\main\java\com\bank\dto\TransactionResponse.java
[INFO] 	Input tree files (+): C:\Users\lenovo\eclipse-workspace\BankManagementSystem\src\main\java\com\bank\dto\UpdateProfileRequest.java
[INFO] 	Input tree files (+): C:\Users\lenovo\eclipse-workspace\BankManagementSystem\src\main\java\com\bank\entity\Account.java
[INFO] 	Input tree files (+): C:\Users\lenovo\eclipse-workspace\BankManagementSystem\src\main\java\com\bank\entity\BaseEntity.java
[INFO] 	Input tree files (+): C:\Users\lenovo\eclipse-workspace\BankManagementSystem\src\main\java\com\bank\entity\Role.java
[INFO] 	Input tree files (+): C:\Users\lenovo\eclipse-workspace\BankManagementSystem\src\main\java\com\bank\entity\Transaction.java
[INFO] 	Input tree files (+): C:\Users\lenovo\eclipse-workspace\BankManagementSystem\src\main\java\com\bank\entity\User.java
[INFO] 	Input tree files (+): C:\Users\lenovo\eclipse-workspace\BankManagementSystem\src\main\java\com\bank\enums\AccountStatus.java
[INFO] 	Input tree files (+): C:\Users\lenovo\eclipse-workspace\BankManagementSystem\src\main\java\com\bank\enums\AccountType.java
[INFO] 	Input tree files (+): C:\Users\lenovo\eclipse-workspace\BankManagementSystem\src\main\java\com\bank\enums\RoleType.java
[INFO] 	Input tree files (+): C:\Users\lenovo\eclipse-workspace\BankManagementSystem\src\main\java\com\bank\enums\TransactionType.java
[INFO] 	Input tree files (+): C:\Users\lenovo\eclipse-workspace\BankManagementSystem\src\main\java\com\bank\exception\AccountFrozenException.java
[INFO] 	Input tree files (+): C:\Users\lenovo\eclipse-workspace\BankManagementSystem\src\main\java\com\bank\exception\AccountNotFoundException.java
[INFO] 	Input tree files (+): C:\Users\lenovo\eclipse-workspace\BankManagementSystem\src\main\java\com\bank\exception\BusinessException.java
[INFO] 	Input tree files (+): C:\Users\lenovo\eclipse-workspace\BankManagementSystem\src\main\java\com\bank\exception\EmailAlreadyExistsException.java
[INFO] 	Input tree files (+): C:\Users\lenovo\eclipse-workspace\BankManagementSystem\src\main\java\com\bank\exception\GlobalExceptionHandler.java
[INFO] 	Input tree files (+): C:\Users\lenovo\eclipse-workspace\BankManagementSystem\src\main\java\com\bank\exception\InsufficientBalanceException.java
[INFO] 	Input tree files (+): C:\Users\lenovo\eclipse-workspace\BankManagementSystem\src\main\java\com\bank\exception\InvalidAmountException.java
[INFO] 	Input tree files (+): C:\Users\lenovo\eclipse-workspace\BankManagementSystem\src\main\java\com\bank\exception\PhoneAlreadyExistsException.java
[INFO] 	Input tree files (+): C:\Users\lenovo\eclipse-workspace\BankManagementSystem\src\main\java\com\bank\exception\SameAccountTransferException.java
[INFO] 	Input tree files (+): C:\Users\lenovo\eclipse-workspace\BankManagementSystem\src\main\java\com\bank\exception\UserNotFoundException.java
[INFO] 	Input tree files (+): C:\Users\lenovo\eclipse-workspace\BankManagementSystem\src\main\java\com\bank\repository\AccountRepository.java
[INFO] 	Input tree files (+): C:\Users\lenovo\eclipse-workspace\BankManagementSystem\src\main\java\com\bank\repository\RoleRepository.java
[INFO] 	Input tree files (+): C:\Users\lenovo\eclipse-workspace\BankManagementSystem\src\main\java\com\bank\repository\TransactionRepository.java
[INFO] 	Input tree files (+): C:\Users\lenovo\eclipse-workspace\BankManagementSystem\src\main\java\com\bank\repository\UserRepository.java
[INFO] 	Input tree files (+): C:\Users\lenovo\eclipse-workspace\BankManagementSystem\src\main\java\com\bank\security\CustomUserDetails.java
[INFO] 	Input tree files (+): C:\Users\lenovo\eclipse-workspace\BankManagementSystem\src\main\java\com\bank\security\CustomUserDetailsService.java
[INFO] 	Input tree files (+): C:\Users\lenovo\eclipse-workspace\BankManagementSystem\src\main\java\com\bank\security\JwtAuthenticationFilter.java
[INFO] 	Input tree files (+): C:\Users\lenovo\eclipse-workspace\BankManagementSystem\src\main\java\com\bank\security\JwtUtil.java
[INFO] 	Input tree files (+): C:\Users\lenovo\eclipse-workspace\BankManagementSystem\src\main\java\com\bank\security\SecurityConfig.java
[INFO] 	Input tree files (+): C:\Users\lenovo\eclipse-workspace\BankManagementSystem\src\main\java\com\bank\service\AccountService.java
[INFO] 	Input tree files (+): C:\Users\lenovo\eclipse-workspace\BankManagementSystem\src\main\java\com\bank\service\AdminService.java
[INFO] 	Input tree files (+): C:\Users\lenovo\eclipse-workspace\BankManagementSystem\src\main\java\com\bank\service\AuthService.java
[INFO] 	Input tree files (+): C:\Users\lenovo\eclipse-workspace\BankManagementSystem\src\main\java\com\bank\service\CustomerService.java
[INFO] 	Input tree files (+): C:\Users\lenovo\eclipse-workspace\BankManagementSystem\src\main\java\com\bank\service\ExcelService.java
[INFO] 	Input tree files (+): C:\Users\lenovo\eclipse-workspace\BankManagementSystem\src\main\java\com\bank\service\impl\AccountServiceImpl.java
[INFO] 	Input tree files (+): C:\Users\lenovo\eclipse-workspace\BankManagementSystem\src\main\java\com\bank\service\impl\AdminServiceImpl.java
[INFO] 	Input tree files (+): C:\Users\lenovo\eclipse-workspace\BankManagementSystem\src\main\java\com\bank\service\impl\AuthServiceImpl.java
[INFO] 	Input tree files (+): C:\Users\lenovo\eclipse-workspace\BankManagementSystem\src\main\java\com\bank\service\impl\CustomerServiceImpl.java
[INFO] 	Input tree files (+): C:\Users\lenovo\eclipse-workspace\BankManagementSystem\src\main\java\com\bank\service\impl\ExcelServiceImpl.java
[INFO] 	Input tree files (+): C:\Users\lenovo\eclipse-workspace\BankManagementSystem\src\main\java\com\bank\service\impl\PdfServiceImpl.java
[INFO] 	Input tree files (+): C:\Users\lenovo\eclipse-workspace\BankManagementSystem\src\main\java\com\bank\service\impl\TransactionServiceImpl.java
[INFO] 	Input tree files (+): C:\Users\lenovo\eclipse-workspace\BankManagementSystem\src\main\java\com\bank\service\PdfService.java
[INFO] 	Input tree files (+): C:\Users\lenovo\eclipse-workspace\BankManagementSystem\src\main\java\com\bank\service\TransactionService.java
[INFO] 	Input tree files (+): C:\Users\lenovo\eclipse-workspace\BankManagementSystem\src\main\java\com\bank\util\PasswordGenerator.java
[INFO] 	Input tree files (+): C:\Users\lenovo\eclipse-workspace\BankManagementSystem\src\main\java\com\bank\util\SecurityUtil.java
[INFO] 	Input tree files (+): C:\Users\lenovo\eclipse-workspace\BankManagementSystem\src\main\java\com\bank\validation\package-info.java
[INFO] Recompiling the module because of changed source code.
[DEBUG] Classpath:
[DEBUG]  C:\Users\lenovo\eclipse-workspace\BankManagementSystem\target\classes
[DEBUG]  C:\Users\lenovo\.m2\repository\org\springframework\boot\spring-boot-starter-web\3.5.5\spring-boot-starter-web-3.5.5.jar
[DEBUG]  C:\Users\lenovo\.m2\repository\org\springframework\boot\spring-boot-starter\3.5.5\spring-boot-starter-3.5.5.jar
[DEBUG]  C:\Users\lenovo\.m2\repository\org\springframework\boot\spring-boot-starter-logging\3.5.5\spring-boot-starter-logging-3.5.5.jar
[DEBUG]  C:\Users\lenovo\.m2\repository\ch\qos\logback\logback-classic\1.5.18\logback-classic-1.5.18.jar
[DEBUG]  C:\Users\lenovo\.m2\repository\ch\qos\logback\logback-core\1.5.18\logback-core-1.5.18.jar
[DEBUG]  C:\Users\lenovo\.m2\repository\org\apache\logging\log4j\log4j-to-slf4j\2.24.3\log4j-to-slf4j-2.24.3.jar
[DEBUG]  C:\Users\lenovo\.m2\repository\org\slf4j\jul-to-slf4j\2.0.17\jul-to-slf4j-2.0.17.jar
[DEBUG]  C:\Users\lenovo\.m2\repository\jakarta\annotation\jakarta.annotation-api\2.1.1\jakarta.annotation-api-2.1.1.jar
[DEBUG]  C:\Users\lenovo\.m2\repository\org\yaml\snakeyaml\2.4\snakeyaml-2.4.jar
[DEBUG]  C:\Users\lenovo\.m2\repository\org\springframework\boot\spring-boot-starter-json\3.5.5\spring-boot-starter-json-3.5.5.jar
[DEBUG]  C:\Users\lenovo\.m2\repository\com\fasterxml\jackson\datatype\jackson-datatype-jdk8\2.19.2\jackson-datatype-jdk8-2.19.2.jar
[DEBUG]  C:\Users\lenovo\.m2\repository\com\fasterxml\jackson\datatype\jackson-datatype-jsr310\2.19.2\jackson-datatype-jsr310-2.19.2.jar
[DEBUG]  C:\Users\lenovo\.m2\repository\com\fasterxml\jackson\module\jackson-module-parameter-names\2.19.2\jackson-module-parameter-names-2.19.2.jar
[DEBUG]  C:\Users\lenovo\.m2\repository\org\springframework\boot\spring-boot-starter-tomcat\3.5.5\spring-boot-starter-tomcat-3.5.5.jar
[DEBUG]  C:\Users\lenovo\.m2\repository\org\apache\tomcat\embed\tomcat-embed-core\10.1.44\tomcat-embed-core-10.1.44.jar
[DEBUG]  C:\Users\lenovo\.m2\repository\org\apache\tomcat\embed\tomcat-embed-websocket\10.1.44\tomcat-embed-websocket-10.1.44.jar
[DEBUG]  C:\Users\lenovo\.m2\repository\org\springframework\spring-web\6.2.10\spring-web-6.2.10.jar
[DEBUG]  C:\Users\lenovo\.m2\repository\org\springframework\spring-beans\6.2.10\spring-beans-6.2.10.jar
[DEBUG]  C:\Users\lenovo\.m2\repository\io\micrometer\micrometer-observation\1.15.3\micrometer-observation-1.15.3.jar
[DEBUG]  C:\Users\lenovo\.m2\repository\io\micrometer\micrometer-commons\1.15.3\micrometer-commons-1.15.3.jar
[DEBUG]  C:\Users\lenovo\.m2\repository\org\springframework\spring-webmvc\6.2.10\spring-webmvc-6.2.10.jar
[DEBUG]  C:\Users\lenovo\.m2\repository\org\springframework\spring-context\6.2.10\spring-context-6.2.10.jar
[DEBUG]  C:\Users\lenovo\.m2\repository\org\springframework\spring-expression\6.2.10\spring-expression-6.2.10.jar
[DEBUG]  C:\Users\lenovo\.m2\repository\org\springframework\boot\spring-boot-starter-thymeleaf\3.5.5\spring-boot-starter-thymeleaf-3.5.5.jar
[DEBUG]  C:\Users\lenovo\.m2\repository\org\thymeleaf\thymeleaf-spring6\3.1.3.RELEASE\thymeleaf-spring6-3.1.3.RELEASE.jar
[DEBUG]  C:\Users\lenovo\.m2\repository\org\thymeleaf\thymeleaf\3.1.3.RELEASE\thymeleaf-3.1.3.RELEASE.jar
[DEBUG]  C:\Users\lenovo\.m2\repository\org\attoparser\attoparser\2.0.7.RELEASE\attoparser-2.0.7.RELEASE.jar
[DEBUG]  C:\Users\lenovo\.m2\repository\org\unbescape\unbescape\1.1.6.RELEASE\unbescape-1.1.6.RELEASE.jar
[DEBUG]  C:\Users\lenovo\.m2\repository\org\springframework\boot\spring-boot-starter-data-jpa\3.5.5\spring-boot-starter-data-jpa-3.5.5.jar
[DEBUG]  C:\Users\lenovo\.m2\repository\org\springframework\boot\spring-boot-starter-jdbc\3.5.5\spring-boot-starter-jdbc-3.5.5.jar
[DEBUG]  C:\Users\lenovo\.m2\repository\com\zaxxer\HikariCP\6.3.2\HikariCP-6.3.2.jar
[DEBUG]  C:\Users\lenovo\.m2\repository\org\springframework\spring-jdbc\6.2.10\spring-jdbc-6.2.10.jar
[DEBUG]  C:\Users\lenovo\.m2\repository\org\hibernate\orm\hibernate-core\6.6.26.Final\hibernate-core-6.6.26.Final.jar
[DEBUG]  C:\Users\lenovo\.m2\repository\jakarta\persistence\jakarta.persistence-api\3.1.0\jakarta.persistence-api-3.1.0.jar
[DEBUG]  C:\Users\lenovo\.m2\repository\jakarta\transaction\jakarta.transaction-api\2.0.1\jakarta.transaction-api-2.0.1.jar
[DEBUG]  C:\Users\lenovo\.m2\repository\org\jboss\logging\jboss-logging\3.6.1.Final\jboss-logging-3.6.1.Final.jar
[DEBUG]  C:\Users\lenovo\.m2\repository\com\fasterxml\classmate\1.7.0\classmate-1.7.0.jar
[DEBUG]  C:\Users\lenovo\.m2\repository\org\antlr\antlr4-runtime\4.13.0\antlr4-runtime-4.13.0.jar
[DEBUG]  C:\Users\lenovo\.m2\repository\org\springframework\data\spring-data-jpa\3.5.3\spring-data-jpa-3.5.3.jar
[DEBUG]  C:\Users\lenovo\.m2\repository\org\springframework\data\spring-data-commons\3.5.3\spring-data-commons-3.5.3.jar
[DEBUG]  C:\Users\lenovo\.m2\repository\org\springframework\spring-orm\6.2.10\spring-orm-6.2.10.jar
[DEBUG]  C:\Users\lenovo\.m2\repository\org\springframework\spring-tx\6.2.10\spring-tx-6.2.10.jar
[DEBUG]  C:\Users\lenovo\.m2\repository\org\springframework\spring-aspects\6.2.10\spring-aspects-6.2.10.jar
[DEBUG]  C:\Users\lenovo\.m2\repository\org\aspectj\aspectjweaver\1.9.24\aspectjweaver-1.9.24.jar
[DEBUG]  C:\Users\lenovo\.m2\repository\org\springframework\boot\spring-boot-starter-security\3.5.5\spring-boot-starter-security-3.5.5.jar
[DEBUG]  C:\Users\lenovo\.m2\repository\org\springframework\spring-aop\6.2.10\spring-aop-6.2.10.jar
[DEBUG]  C:\Users\lenovo\.m2\repository\org\springframework\security\spring-security-config\6.5.3\spring-security-config-6.5.3.jar
[DEBUG]  C:\Users\lenovo\.m2\repository\org\springframework\security\spring-security-web\6.5.3\spring-security-web-6.5.3.jar
[DEBUG]  C:\Users\lenovo\.m2\repository\org\springframework\boot\spring-boot-starter-validation\3.5.5\spring-boot-starter-validation-3.5.5.jar
[DEBUG]  C:\Users\lenovo\.m2\repository\org\apache\tomcat\embed\tomcat-embed-el\10.1.44\tomcat-embed-el-10.1.44.jar
[DEBUG]  C:\Users\lenovo\.m2\repository\org\hibernate\validator\hibernate-validator\8.0.3.Final\hibernate-validator-8.0.3.Final.jar
[DEBUG]  C:\Users\lenovo\.m2\repository\jakarta\validation\jakarta.validation-api\3.0.2\jakarta.validation-api-3.0.2.jar
[DEBUG]  C:\Users\lenovo\.m2\repository\org\projectlombok\lombok\1.18.38\lombok-1.18.38.jar
[DEBUG]  C:\Users\lenovo\.m2\repository\org\springframework\boot\spring-boot\3.5.5\spring-boot-3.5.5.jar
[DEBUG]  C:\Users\lenovo\.m2\repository\org\springframework\boot\spring-boot-autoconfigure\3.5.5\spring-boot-autoconfigure-3.5.5.jar
[DEBUG]  C:\Users\lenovo\.m2\repository\org\thymeleaf\extras\thymeleaf-extras-springsecurity6\3.1.3.RELEASE\thymeleaf-extras-springsecurity6-3.1.3.RELEASE.jar
[DEBUG]  C:\Users\lenovo\.m2\repository\org\slf4j\slf4j-api\2.0.17\slf4j-api-2.0.17.jar
[DEBUG]  C:\Users\lenovo\.m2\repository\org\modelmapper\modelmapper\3.2.4\modelmapper-3.2.4.jar
[DEBUG]  C:\Users\lenovo\.m2\repository\io\jsonwebtoken\jjwt-api\0.12.7\jjwt-api-0.12.7.jar
[DEBUG]  C:\Users\lenovo\.m2\repository\com\fasterxml\jackson\core\jackson-databind\2.19.2\jackson-databind-2.19.2.jar
[DEBUG]  C:\Users\lenovo\.m2\repository\com\fasterxml\jackson\core\jackson-annotations\2.19.2\jackson-annotations-2.19.2.jar
[DEBUG]  C:\Users\lenovo\.m2\repository\com\fasterxml\jackson\core\jackson-core\2.19.2\jackson-core-2.19.2.jar
[DEBUG]  C:\Users\lenovo\.m2\repository\org\springdoc\springdoc-openapi-starter-webmvc-ui\2.8.9\springdoc-openapi-starter-webmvc-ui-2.8.9.jar
[DEBUG]  C:\Users\lenovo\.m2\repository\org\springdoc\springdoc-openapi-starter-webmvc-api\2.8.9\springdoc-openapi-starter-webmvc-api-2.8.9.jar
[DEBUG]  C:\Users\lenovo\.m2\repository\org\springdoc\springdoc-openapi-starter-common\2.8.9\springdoc-openapi-starter-common-2.8.9.jar
[DEBUG]  C:\Users\lenovo\.m2\repository\io\swagger\core\v3\swagger-core-jakarta\2.2.30\swagger-core-jakarta-2.2.30.jar
[DEBUG]  C:\Users\lenovo\.m2\repository\io\swagger\core\v3\swagger-annotations-jakarta\2.2.30\swagger-annotations-jakarta-2.2.30.jar
[DEBUG]  C:\Users\lenovo\.m2\repository\io\swagger\core\v3\swagger-models-jakarta\2.2.30\swagger-models-jakarta-2.2.30.jar
[DEBUG]  C:\Users\lenovo\.m2\repository\com\fasterxml\jackson\dataformat\jackson-dataformat-yaml\2.19.2\jackson-dataformat-yaml-2.19.2.jar
[DEBUG]  C:\Users\lenovo\.m2\repository\org\webjars\swagger-ui\5.21.0\swagger-ui-5.21.0.jar
[DEBUG]  C:\Users\lenovo\.m2\repository\org\webjars\webjars-locator-lite\1.1.0\webjars-locator-lite-1.1.0.jar
[DEBUG]  C:\Users\lenovo\.m2\repository\org\jspecify\jspecify\1.0.0\jspecify-1.0.0.jar
[DEBUG]  C:\Users\lenovo\.m2\repository\org\apache\poi\poi-ooxml\5.4.1\poi-ooxml-5.4.1.jar
[DEBUG]  C:\Users\lenovo\.m2\repository\org\apache\poi\poi\5.4.1\poi-5.4.1.jar
[DEBUG]  C:\Users\lenovo\.m2\repository\commons-codec\commons-codec\1.18.0\commons-codec-1.18.0.jar
[DEBUG]  C:\Users\lenovo\.m2\repository\org\apache\commons\commons-math3\3.6.1\commons-math3-3.6.1.jar
[DEBUG]  C:\Users\lenovo\.m2\repository\com\zaxxer\SparseBitSet\1.3\SparseBitSet-1.3.jar
[DEBUG]  C:\Users\lenovo\.m2\repository\org\apache\poi\poi-ooxml-lite\5.4.1\poi-ooxml-lite-5.4.1.jar
[DEBUG]  C:\Users\lenovo\.m2\repository\org\apache\xmlbeans\xmlbeans\5.3.0\xmlbeans-5.3.0.jar
[DEBUG]  C:\Users\lenovo\.m2\repository\org\apache\commons\commons-compress\1.27.1\commons-compress-1.27.1.jar
[DEBUG]  C:\Users\lenovo\.m2\repository\org\apache\commons\commons-lang3\3.17.0\commons-lang3-3.17.0.jar
[DEBUG]  C:\Users\lenovo\.m2\repository\commons-io\commons-io\2.18.0\commons-io-2.18.0.jar
[DEBUG]  C:\Users\lenovo\.m2\repository\com\github\virtuald\curvesapi\1.08\curvesapi-1.08.jar
[DEBUG]  C:\Users\lenovo\.m2\repository\org\apache\logging\log4j\log4j-api\2.24.3\log4j-api-2.24.3.jar
[DEBUG]  C:\Users\lenovo\.m2\repository\org\apache\commons\commons-collections4\4.4\commons-collections4-4.4.jar
[DEBUG]  C:\Users\lenovo\.m2\repository\com\itextpdf\itextpdf\5.5.13.4\itextpdf-5.5.13.4.jar
[DEBUG]  C:\Users\lenovo\.m2\repository\jakarta\xml\bind\jakarta.xml.bind-api\4.0.2\jakarta.xml.bind-api-4.0.2.jar
[DEBUG]  C:\Users\lenovo\.m2\repository\jakarta\activation\jakarta.activation-api\2.1.3\jakarta.activation-api-2.1.3.jar
[DEBUG]  C:\Users\lenovo\.m2\repository\org\springframework\spring-core\6.2.10\spring-core-6.2.10.jar
[DEBUG]  C:\Users\lenovo\.m2\repository\org\springframework\spring-jcl\6.2.10\spring-jcl-6.2.10.jar
[DEBUG]  C:\Users\lenovo\.m2\repository\org\springframework\security\spring-security-core\6.5.3\spring-security-core-6.5.3.jar
[DEBUG]  C:\Users\lenovo\.m2\repository\org\springframework\security\spring-security-crypto\6.5.3\spring-security-crypto-6.5.3.jar
[DEBUG] Source roots:
[DEBUG]  C:\Users\lenovo\eclipse-workspace\BankManagementSystem\src\main\java
[DEBUG]  C:\Users\lenovo\eclipse-workspace\BankManagementSystem\target\generated-sources\annotations
[DEBUG] Command line options:
[DEBUG] -d C:\Users\lenovo\eclipse-workspace\BankManagementSystem\target\classes -classpath C:\Users\lenovo\eclipse-workspace\BankManagementSystem\target\classes;C:\Users\lenovo\.m2\repository\org\springframework\boot\spring-boot-starter-web\3.5.5\spring-boot-starter-web-3.5.5.jar;C:\Users\lenovo\.m2\repository\org\springframework\boot\spring-boot-starter\3.5.5\spring-boot-starter-3.5.5.jar;C:\Users\lenovo\.m2\repository\org\springframework\boot\spring-boot-starter-logging\3.5.5\spring-boot-starter-logging-3.5.5.jar;C:\Users\lenovo\.m2\repository\ch\qos\logback\logback-classic\1.5.18\logback-classic-1.5.18.jar;C:\Users\lenovo\.m2\repository\ch\qos\logback\logback-core\1.5.18\logback-core-1.5.18.jar;C:\Users\lenovo\.m2\repository\org\apache\logging\log4j\log4j-to-slf4j\2.24.3\log4j-to-slf4j-2.24.3.jar;C:\Users\lenovo\.m2\repository\org\slf4j\jul-to-slf4j\2.0.17\jul-to-slf4j-2.0.17.jar;C:\Users\lenovo\.m2\repository\jakarta\annotation\jakarta.annotation-api\2.1.1\jakarta.annotation-api-2.1.1.jar;C:\Users\lenovo\.m2\repository\org\yaml\snakeyaml\2.4\snakeyaml-2.4.jar;C:\Users\lenovo\.m2\repository\org\springframework\boot\spring-boot-starter-json\3.5.5\spring-boot-starter-json-3.5.5.jar;C:\Users\lenovo\.m2\repository\com\fasterxml\jackson\datatype\jackson-datatype-jdk8\2.19.2\jackson-datatype-jdk8-2.19.2.jar;C:\Users\lenovo\.m2\repository\com\fasterxml\jackson\datatype\jackson-datatype-jsr310\2.19.2\jackson-datatype-jsr310-2.19.2.jar;C:\Users\lenovo\.m2\repository\com\fasterxml\jackson\module\jackson-module-parameter-names\2.19.2\jackson-module-parameter-names-2.19.2.jar;C:\Users\lenovo\.m2\repository\org\springframework\boot\spring-boot-starter-tomcat\3.5.5\spring-boot-starter-tomcat-3.5.5.jar;C:\Users\lenovo\.m2\repository\org\apache\tomcat\embed\tomcat-embed-core\10.1.44\tomcat-embed-core-10.1.44.jar;C:\Users\lenovo\.m2\repository\org\apache\tomcat\embed\tomcat-embed-websocket\10.1.44\tomcat-embed-websocket-10.1.44.jar;C:\Users\lenovo\.m2\repository\org\springframework\spring-web\6.2.10\spring-web-6.2.10.jar;C:\Users\lenovo\.m2\repository\org\springframework\spring-beans\6.2.10\spring-beans-6.2.10.jar;C:\Users\lenovo\.m2\repository\io\micrometer\micrometer-observation\1.15.3\micrometer-observation-1.15.3.jar;C:\Users\lenovo\.m2\repository\io\micrometer\micrometer-commons\1.15.3\micrometer-commons-1.15.3.jar;C:\Users\lenovo\.m2\repository\org\springframework\spring-webmvc\6.2.10\spring-webmvc-6.2.10.jar;C:\Users\lenovo\.m2\repository\org\springframework\spring-context\6.2.10\spring-context-6.2.10.jar;C:\Users\lenovo\.m2\repository\org\springframework\spring-expression\6.2.10\spring-expression-6.2.10.jar;C:\Users\lenovo\.m2\repository\org\springframework\boot\spring-boot-starter-thymeleaf\3.5.5\spring-boot-starter-thymeleaf-3.5.5.jar;C:\Users\lenovo\.m2\repository\org\thymeleaf\thymeleaf-spring6\3.1.3.RELEASE\thymeleaf-spring6-3.1.3.RELEASE.jar;C:\Users\lenovo\.m2\repository\org\thymeleaf\thymeleaf\3.1.3.RELEASE\thymeleaf-3.1.3.RELEASE.jar;C:\Users\lenovo\.m2\repository\org\attoparser\attoparser\2.0.7.RELEASE\attoparser-2.0.7.RELEASE.jar;C:\Users\lenovo\.m2\repository\org\unbescape\unbescape\1.1.6.RELEASE\unbescape-1.1.6.RELEASE.jar;C:\Users\lenovo\.m2\repository\org\springframework\boot\spring-boot-starter-data-jpa\3.5.5\spring-boot-starter-data-jpa-3.5.5.jar;C:\Users\lenovo\.m2\repository\org\springframework\boot\spring-boot-starter-jdbc\3.5.5\spring-boot-starter-jdbc-3.5.5.jar;C:\Users\lenovo\.m2\repository\com\zaxxer\HikariCP\6.3.2\HikariCP-6.3.2.jar;C:\Users\lenovo\.m2\repository\org\springframework\spring-jdbc\6.2.10\spring-jdbc-6.2.10.jar;C:\Users\lenovo\.m2\repository\org\hibernate\orm\hibernate-core\6.6.26.Final\hibernate-core-6.6.26.Final.jar;C:\Users\lenovo\.m2\repository\jakarta\persistence\jakarta.persistence-api\3.1.0\jakarta.persistence-api-3.1.0.jar;C:\Users\lenovo\.m2\repository\jakarta\transaction\jakarta.transaction-api\2.0.1\jakarta.transaction-api-2.0.1.jar;C:\Users\lenovo\.m2\repository\org\jboss\logging\jboss-logging\3.6.1.Final\jboss-logging-3.6.1.Final.jar;C:\Users\lenovo\.m2\repository\com\fasterxml\classmate\1.7.0\classmate-1.7.0.jar;C:\Users\lenovo\.m2\repository\org\antlr\antlr4-runtime\4.13.0\antlr4-runtime-4.13.0.jar;C:\Users\lenovo\.m2\repository\org\springframework\data\spring-data-jpa\3.5.3\spring-data-jpa-3.5.3.jar;C:\Users\lenovo\.m2\repository\org\springframework\data\spring-data-commons\3.5.3\spring-data-commons-3.5.3.jar;C:\Users\lenovo\.m2\repository\org\springframework\spring-orm\6.2.10\spring-orm-6.2.10.jar;C:\Users\lenovo\.m2\repository\org\springframework\spring-tx\6.2.10\spring-tx-6.2.10.jar;C:\Users\lenovo\.m2\repository\org\springframework\spring-aspects\6.2.10\spring-aspects-6.2.10.jar;C:\Users\lenovo\.m2\repository\org\aspectj\aspectjweaver\1.9.24\aspectjweaver-1.9.24.jar;C:\Users\lenovo\.m2\repository\org\springframework\boot\spring-boot-starter-security\3.5.5\spring-boot-starter-security-3.5.5.jar;C:\Users\lenovo\.m2\repository\org\springframework\spring-aop\6.2.10\spring-aop-6.2.10.jar;C:\Users\lenovo\.m2\repository\org\springframework\security\spring-security-config\6.5.3\spring-security-config-6.5.3.jar;C:\Users\lenovo\.m2\repository\org\springframework\security\spring-security-web\6.5.3\spring-security-web-6.5.3.jar;C:\Users\lenovo\.m2\repository\org\springframework\boot\spring-boot-starter-validation\3.5.5\spring-boot-starter-validation-3.5.5.jar;C:\Users\lenovo\.m2\repository\org\apache\tomcat\embed\tomcat-embed-el\10.1.44\tomcat-embed-el-10.1.44.jar;C:\Users\lenovo\.m2\repository\org\hibernate\validator\hibernate-validator\8.0.3.Final\hibernate-validator-8.0.3.Final.jar;C:\Users\lenovo\.m2\repository\jakarta\validation\jakarta.validation-api\3.0.2\jakarta.validation-api-3.0.2.jar;C:\Users\lenovo\.m2\repository\org\projectlombok\lombok\1.18.38\lombok-1.18.38.jar;C:\Users\lenovo\.m2\repository\org\springframework\boot\spring-boot\3.5.5\spring-boot-3.5.5.jar;C:\Users\lenovo\.m2\repository\org\springframework\boot\spring-boot-autoconfigure\3.5.5\spring-boot-autoconfigure-3.5.5.jar;C:\Users\lenovo\.m2\repository\org\thymeleaf\extras\thymeleaf-extras-springsecurity6\3.1.3.RELEASE\thymeleaf-extras-springsecurity6-3.1.3.RELEASE.jar;C:\Users\lenovo\.m2\repository\org\slf4j\slf4j-api\2.0.17\slf4j-api-2.0.17.jar;C:\Users\lenovo\.m2\repository\org\modelmapper\modelmapper\3.2.4\modelmapper-3.2.4.jar;C:\Users\lenovo\.m2\repository\io\jsonwebtoken\jjwt-api\0.12.7\jjwt-api-0.12.7.jar;C:\Users\lenovo\.m2\repository\com\fasterxml\jackson\core\jackson-databind\2.19.2\jackson-databind-2.19.2.jar;C:\Users\lenovo\.m2\repository\com\fasterxml\jackson\core\jackson-annotations\2.19.2\jackson-annotations-2.19.2.jar;C:\Users\lenovo\.m2\repository\com\fasterxml\jackson\core\jackson-core\2.19.2\jackson-core-2.19.2.jar;C:\Users\lenovo\.m2\repository\org\springdoc\springdoc-openapi-starter-webmvc-ui\2.8.9\springdoc-openapi-starter-webmvc-ui-2.8.9.jar;C:\Users\lenovo\.m2\repository\org\springdoc\springdoc-openapi-starter-webmvc-api\2.8.9\springdoc-openapi-starter-webmvc-api-2.8.9.jar;C:\Users\lenovo\.m2\repository\org\springdoc\springdoc-openapi-starter-common\2.8.9\springdoc-openapi-starter-common-2.8.9.jar;C:\Users\lenovo\.m2\repository\io\swagger\core\v3\swagger-core-jakarta\2.2.30\swagger-core-jakarta-2.2.30.jar;C:\Users\lenovo\.m2\repository\io\swagger\core\v3\swagger-annotations-jakarta\2.2.30\swagger-annotations-jakarta-2.2.30.jar;C:\Users\lenovo\.m2\repository\io\swagger\core\v3\swagger-models-jakarta\2.2.30\swagger-models-jakarta-2.2.30.jar;C:\Users\lenovo\.m2\repository\com\fasterxml\jackson\dataformat\jackson-dataformat-yaml\2.19.2\jackson-dataformat-yaml-2.19.2.jar;C:\Users\lenovo\.m2\repository\org\webjars\swagger-ui\5.21.0\swagger-ui-5.21.0.jar;C:\Users\lenovo\.m2\repository\org\webjars\webjars-locator-lite\1.1.0\webjars-locator-lite-1.1.0.jar;C:\Users\lenovo\.m2\repository\org\jspecify\jspecify\1.0.0\jspecify-1.0.0.jar;C:\Users\lenovo\.m2\repository\org\apache\poi\poi-ooxml\5.4.1\poi-ooxml-5.4.1.jar;C:\Users\lenovo\.m2\repository\org\apache\poi\poi\5.4.1\poi-5.4.1.jar;C:\Users\lenovo\.m2\repository\commons-codec\commons-codec\1.18.0\commons-codec-1.18.0.jar;C:\Users\lenovo\.m2\repository\org\apache\commons\commons-math3\3.6.1\commons-math3-3.6.1.jar;C:\Users\lenovo\.m2\repository\com\zaxxer\SparseBitSet\1.3\SparseBitSet-1.3.jar;C:\Users\lenovo\.m2\repository\org\apache\poi\poi-ooxml-lite\5.4.1\poi-ooxml-lite-5.4.1.jar;C:\Users\lenovo\.m2\repository\org\apache\xmlbeans\xmlbeans\5.3.0\xmlbeans-5.3.0.jar;C:\Users\lenovo\.m2\repository\org\apache\commons\commons-compress\1.27.1\commons-compress-1.27.1.jar;C:\Users\lenovo\.m2\repository\org\apache\commons\commons-lang3\3.17.0\commons-lang3-3.17.0.jar;C:\Users\lenovo\.m2\repository\commons-io\commons-io\2.18.0\commons-io-2.18.0.jar;C:\Users\lenovo\.m2\repository\com\github\virtuald\curvesapi\1.08\curvesapi-1.08.jar;C:\Users\lenovo\.m2\repository\org\apache\logging\log4j\log4j-api\2.24.3\log4j-api-2.24.3.jar;C:\Users\lenovo\.m2\repository\org\apache\commons\commons-collections4\4.4\commons-collections4-4.4.jar;C:\Users\lenovo\.m2\repository\com\itextpdf\itextpdf\5.5.13.4\itextpdf-5.5.13.4.jar;C:\Users\lenovo\.m2\repository\jakarta\xml\bind\jakarta.xml.bind-api\4.0.2\jakarta.xml.bind-api-4.0.2.jar;C:\Users\lenovo\.m2\repository\jakarta\activation\jakarta.activation-api\2.1.3\jakarta.activation-api-2.1.3.jar;C:\Users\lenovo\.m2\repository\org\springframework\spring-core\6.2.10\spring-core-6.2.10.jar;C:\Users\lenovo\.m2\repository\org\springframework\spring-jcl\6.2.10\spring-jcl-6.2.10.jar;C:\Users\lenovo\.m2\repository\org\springframework\security\spring-security-core\6.5.3\spring-security-core-6.5.3.jar;C:\Users\lenovo\.m2\repository\org\springframework\security\spring-security-crypto\6.5.3\spring-security-crypto-6.5.3.jar; -sourcepath C:\Users\lenovo\eclipse-workspace\BankManagementSystem\src\main\java;C:\Users\lenovo\eclipse-workspace\BankManagementSystem\target\generated-sources\annotations; -s C:\Users\lenovo\eclipse-workspace\BankManagementSystem\target\generated-sources\annotations -g -parameters --release 21 -encoding UTF-8 -XDuseUnsharedTable=true
[DEBUG] incrementalBuildHelper#beforeRebuildExecution
[INFO] Compiling 66 source files with javac [debug parameters release 21] to target\classes
[DEBUG] incrementalBuildHelper#afterRebuildExecution
[INFO] /C:/Users/lenovo/eclipse-workspace/BankManagementSystem/src/main/java/com/bank/security/SecurityConfig.java: C:\Users\lenovo\eclipse-workspace\BankManagementSystem\src\main\java\com\bank\security\SecurityConfig.java uses or overrides a deprecated API.
[INFO] /C:/Users/lenovo/eclipse-workspace/BankManagementSystem/src/main/java/com/bank/security/SecurityConfig.java: Recompile with -Xlint:deprecation for details.
[INFO] -------------------------------------------------------------
[ERROR] COMPILATION ERROR : 
[INFO] -------------------------------------------------------------
[ERROR] /C:/Users/lenovo/eclipse-workspace/BankManagementSystem/src/main/java/com/bank/exception/GlobalExceptionHandler.java:[126,37] constructor ApiErrorResponse in class com.bank.dto.ApiErrorResponse cannot be applied to given types;
  required: no arguments
  found:    java.time.LocalDateTime,int,java.lang.String,java.lang.String,java.lang.String
  reason: actual and formal argument lists differ in length
[ERROR] /C:/Users/lenovo/eclipse-workspace/BankManagementSystem/src/main/java/com/bank/security/CustomUserDetails.java:[23,58] cannot find symbol
  symbol:   method getRole()
  location: variable user of type com.bank.entity.User
[ERROR] /C:/Users/lenovo/eclipse-workspace/BankManagementSystem/src/main/java/com/bank/security/CustomUserDetails.java:[29,20] cannot find symbol
  symbol:   method getPassword()
  location: variable user of type com.bank.entity.User
[ERROR] /C:/Users/lenovo/eclipse-workspace/BankManagementSystem/src/main/java/com/bank/security/CustomUserDetails.java:[34,20] cannot find symbol
  symbol:   method getEmail()
  location: variable user of type com.bank.entity.User
[ERROR] /C:/Users/lenovo/eclipse-workspace/BankManagementSystem/src/main/java/com/bank/security/CustomUserDetails.java:[54,20] cannot find symbol
  symbol:   method isEnabled()
  location: variable user of type com.bank.entity.User
[ERROR] /C:/Users/lenovo/eclipse-workspace/BankManagementSystem/src/main/java/com/bank/service/impl/AccountServiceImpl.java:[61,16] cannot find symbol
  symbol:   method setAccountNumber(java.lang.String)
  location: variable account of type com.bank.entity.Account
[ERROR] /C:/Users/lenovo/eclipse-workspace/BankManagementSystem/src/main/java/com/bank/service/impl/AccountServiceImpl.java:[62,39] cannot find symbol
  symbol:   method getAccountType()
  location: variable request of type com.bank.dto.AccountRequest
[ERROR] /C:/Users/lenovo/eclipse-workspace/BankManagementSystem/src/main/java/com/bank/service/impl/AccountServiceImpl.java:[63,16] cannot find symbol
  symbol:   method setBalance(java.math.BigDecimal)
  location: variable account of type com.bank.entity.Account
[ERROR] /C:/Users/lenovo/eclipse-workspace/BankManagementSystem/src/main/java/com/bank/service/impl/AccountServiceImpl.java:[64,16] cannot find symbol
  symbol:   method setStatus(com.bank.enums.AccountStatus)
  location: variable account of type com.bank.entity.Account
[ERROR] /C:/Users/lenovo/eclipse-workspace/BankManagementSystem/src/main/java/com/bank/service/impl/AccountServiceImpl.java:[65,16] cannot find symbol
  symbol:   method setUser(com.bank.entity.User)
  location: variable account of type com.bank.entity.Account
[ERROR] /C:/Users/lenovo/eclipse-workspace/BankManagementSystem/src/main/java/com/bank/service/impl/AccountServiceImpl.java:[71,24] cannot find symbol
  symbol:   method getAccountNumber()
  location: variable account of type com.bank.entity.Account
[ERROR] /C:/Users/lenovo/eclipse-workspace/BankManagementSystem/src/main/java/com/bank/service/impl/AccountServiceImpl.java:[72,21] cannot find symbol
  symbol:   method getEmail()
  location: variable user of type com.bank.entity.User
[ERROR] /C:/Users/lenovo/eclipse-workspace/BankManagementSystem/src/main/java/com/bank/service/impl/AccountServiceImpl.java:[102,24] cannot find symbol
  symbol:   method getAccountNumber()
  location: variable account of type com.bank.entity.Account
[ERROR] /C:/Users/lenovo/eclipse-workspace/BankManagementSystem/src/main/java/com/bank/service/impl/AccountServiceImpl.java:[143,24] cannot find symbol
  symbol:   method getUser()
  location: variable account of type com.bank.entity.Account
[ERROR] /C:/Users/lenovo/eclipse-workspace/BankManagementSystem/src/main/java/com/bank/service/impl/AccountServiceImpl.java:[144,34] cannot find symbol
  symbol:   method getUser()
  location: variable account of type com.bank.entity.Account
[ERROR] /C:/Users/lenovo/eclipse-workspace/BankManagementSystem/src/main/java/com/bank/service/impl/AccountServiceImpl.java:[141,24] cannot find symbol
  symbol:   method getStatus()
  location: variable account of type com.bank.entity.Account
[ERROR] /C:/Users/lenovo/eclipse-workspace/BankManagementSystem/src/main/java/com/bank/service/impl/AccountServiceImpl.java:[139,24] cannot find symbol
  symbol:   method getBalance()
  location: variable account of type com.bank.entity.Account
[ERROR] /C:/Users/lenovo/eclipse-workspace/BankManagementSystem/src/main/java/com/bank/service/impl/AccountServiceImpl.java:[137,24] cannot find symbol
  symbol:   method getAccountType()
  location: variable account of type com.bank.entity.Account
[ERROR] /C:/Users/lenovo/eclipse-workspace/BankManagementSystem/src/main/java/com/bank/service/impl/AccountServiceImpl.java:[135,24] cannot find symbol
  symbol:   method getAccountNumber()
  location: variable account of type com.bank.entity.Account
[ERROR] /C:/Users/lenovo/eclipse-workspace/BankManagementSystem/src/main/java/com/bank/service/impl/AccountServiceImpl.java:[133,24] cannot find symbol
  symbol:   method getId()
  location: variable account of type com.bank.entity.Account
[ERROR] /C:/Users/lenovo/eclipse-workspace/BankManagementSystem/src/main/java/com/bank/service/impl/AdminServiceImpl.java:[61,32] cannot find symbol
  symbol:   method getUser()
  location: variable account of type com.bank.entity.Account
[ERROR] /C:/Users/lenovo/eclipse-workspace/BankManagementSystem/src/main/java/com/bank/service/impl/AdminServiceImpl.java:[62,42] cannot find symbol
  symbol:   method getUser()
  location: variable account of type com.bank.entity.Account
[ERROR] /C:/Users/lenovo/eclipse-workspace/BankManagementSystem/src/main/java/com/bank/service/impl/AdminServiceImpl.java:[60,32] cannot find symbol
  symbol:   method getStatus()
  location: variable account of type com.bank.entity.Account
[ERROR] /C:/Users/lenovo/eclipse-workspace/BankManagementSystem/src/main/java/com/bank/service/impl/AdminServiceImpl.java:[59,32] cannot find symbol
  symbol:   method getBalance()
  location: variable account of type com.bank.entity.Account
[ERROR] /C:/Users/lenovo/eclipse-workspace/BankManagementSystem/src/main/java/com/bank/service/impl/AdminServiceImpl.java:[58,32] cannot find symbol
  symbol:   method getAccountType()
  location: variable account of type com.bank.entity.Account
[ERROR] /C:/Users/lenovo/eclipse-workspace/BankManagementSystem/src/main/java/com/bank/service/impl/AdminServiceImpl.java:[57,32] cannot find symbol
  symbol:   method getAccountNumber()
  location: variable account of type com.bank.entity.Account
[ERROR] /C:/Users/lenovo/eclipse-workspace/BankManagementSystem/src/main/java/com/bank/service/impl/AdminServiceImpl.java:[56,32] cannot find symbol
  symbol:   method getId()
  location: variable account of type com.bank.entity.Account
[ERROR] /C:/Users/lenovo/eclipse-workspace/BankManagementSystem/src/main/java/com/bank/service/impl/AdminServiceImpl.java:[64,24] incompatible types: java.util.List<java.lang.Object> cannot be converted to java.util.List<com.bank.dto.AccountResponse>
[ERROR] /C:/Users/lenovo/eclipse-workspace/BankManagementSystem/src/main/java/com/bank/service/impl/AdminServiceImpl.java:[78,16] cannot find symbol
  symbol:   method setStatus(com.bank.enums.AccountStatus)
  location: variable account of type com.bank.entity.Account
[ERROR] /C:/Users/lenovo/eclipse-workspace/BankManagementSystem/src/main/java/com/bank/service/impl/AdminServiceImpl.java:[82,24] cannot find symbol
  symbol:   method getAccountNumber()
  location: variable account of type com.bank.entity.Account
[ERROR] /C:/Users/lenovo/eclipse-workspace/BankManagementSystem/src/main/java/com/bank/service/impl/AdminServiceImpl.java:[96,16] cannot find symbol
  symbol:   method setStatus(com.bank.enums.AccountStatus)
  location: variable account of type com.bank.entity.Account
[ERROR] /C:/Users/lenovo/eclipse-workspace/BankManagementSystem/src/main/java/com/bank/service/impl/AdminServiceImpl.java:[100,24] cannot find symbol
  symbol:   method getAccountNumber()
  location: variable account of type com.bank.entity.Account
[ERROR] /C:/Users/lenovo/eclipse-workspace/BankManagementSystem/src/main/java/com/bank/service/impl/AdminServiceImpl.java:[116,65] cannot find symbol
  symbol:   method getEmail()
  location: variable user of type com.bank.entity.User
[ERROR] /C:/Users/lenovo/eclipse-workspace/BankManagementSystem/src/main/java/com/bank/service/impl/AdminServiceImpl.java:[134,16] constructor DashboardResponse in class com.bank.dto.DashboardResponse cannot be applied to given types;
  required: no arguments
  found:    long,long,long
  reason: actual and formal argument lists differ in length
[ERROR] /C:/Users/lenovo/eclipse-workspace/BankManagementSystem/src/main/java/com/bank/service/impl/AuthServiceImpl.java:[54,24] cannot find symbol
  symbol:   method getEmail()
  location: variable request of type com.bank.dto.RegisterRequest
[ERROR] /C:/Users/lenovo/eclipse-workspace/BankManagementSystem/src/main/java/com/bank/service/impl/AuthServiceImpl.java:[57,49] cannot find symbol
  symbol:   method getEmail()
  location: variable request of type com.bank.dto.RegisterRequest
[ERROR] /C:/Users/lenovo/eclipse-workspace/BankManagementSystem/src/main/java/com/bank/service/impl/AuthServiceImpl.java:[60,28] cannot find symbol
  symbol:   method getEmail()
  location: variable request of type com.bank.dto.RegisterRequest
[ERROR] /C:/Users/lenovo/eclipse-workspace/BankManagementSystem/src/main/java/com/bank/service/impl/AuthServiceImpl.java:[62,58] cannot find symbol
  symbol:   method getEmail()
  location: variable request of type com.bank.dto.RegisterRequest
[ERROR] /C:/Users/lenovo/eclipse-workspace/BankManagementSystem/src/main/java/com/bank/service/impl/AuthServiceImpl.java:[66,49] cannot find symbol
  symbol:   method getPhone()
  location: variable request of type com.bank.dto.RegisterRequest
[ERROR] /C:/Users/lenovo/eclipse-workspace/BankManagementSystem/src/main/java/com/bank/service/impl/AuthServiceImpl.java:[69,28] cannot find symbol
  symbol:   method getPhone()
  location: variable request of type com.bank.dto.RegisterRequest
[ERROR] /C:/Users/lenovo/eclipse-workspace/BankManagementSystem/src/main/java/com/bank/service/impl/AuthServiceImpl.java:[71,58] cannot find symbol
  symbol:   method getPhone()
  location: variable request of type com.bank.dto.RegisterRequest
[ERROR] /C:/Users/lenovo/eclipse-workspace/BankManagementSystem/src/main/java/com/bank/service/impl/AuthServiceImpl.java:[82,34] cannot find symbol
  symbol:   method getFirstName()
  location: variable request of type com.bank.dto.RegisterRequest
[ERROR] /C:/Users/lenovo/eclipse-workspace/BankManagementSystem/src/main/java/com/bank/service/impl/AuthServiceImpl.java:[83,33] cannot find symbol
  symbol:   method getLastName()
  location: variable request of type com.bank.dto.RegisterRequest
[ERROR] /C:/Users/lenovo/eclipse-workspace/BankManagementSystem/src/main/java/com/bank/service/impl/AuthServiceImpl.java:[84,30] cannot find symbol
  symbol:   method getEmail()
  location: variable request of type com.bank.dto.RegisterRequest
[ERROR] /C:/Users/lenovo/eclipse-workspace/BankManagementSystem/src/main/java/com/bank/service/impl/AuthServiceImpl.java:[85,30] cannot find symbol
  symbol:   method getPhone()
  location: variable request of type com.bank.dto.RegisterRequest
[ERROR] /C:/Users/lenovo/eclipse-workspace/BankManagementSystem/src/main/java/com/bank/service/impl/AuthServiceImpl.java:[86,31] cannot find symbol
  symbol:   method getGender()
  location: variable request of type com.bank.dto.RegisterRequest
[ERROR] /C:/Users/lenovo/eclipse-workspace/BankManagementSystem/src/main/java/com/bank/service/impl/AuthServiceImpl.java:[87,56] cannot find symbol
  symbol:   method getPassword()
  location: variable request of type com.bank.dto.RegisterRequest
[ERROR] /C:/Users/lenovo/eclipse-workspace/BankManagementSystem/src/main/java/com/bank/service/impl/AuthServiceImpl.java:[88,13] cannot find symbol
  symbol:   method setRole(com.bank.entity.Role)
  location: variable user of type com.bank.entity.User
[ERROR] /C:/Users/lenovo/eclipse-workspace/BankManagementSystem/src/main/java/com/bank/service/impl/AuthServiceImpl.java:[89,13] cannot find symbol
  symbol:   method setEnabled(boolean)
  location: variable user of type com.bank.entity.User
[ERROR] /C:/Users/lenovo/eclipse-workspace/BankManagementSystem/src/main/java/com/bank/service/impl/AuthServiceImpl.java:[93,61] cannot find symbol
  symbol:   method getEmail()
  location: variable user of type com.bank.entity.User
[ERROR] /C:/Users/lenovo/eclipse-workspace/BankManagementSystem/src/main/java/com/bank/service/impl/AuthServiceImpl.java:[95,16] constructor AuthResponse in class com.bank.dto.AuthResponse cannot be applied to given types;
  required: no arguments
  found:    <nulltype>,java.lang.String
  reason: actual and formal argument lists differ in length
[ERROR] /C:/Users/lenovo/eclipse-workspace/BankManagementSystem/src/main/java/com/bank/service/impl/AuthServiceImpl.java:[102,24] cannot find symbol
  symbol:   method getEmail()
  location: variable request of type com.bank.dto.LoginRequest
[ERROR] /C:/Users/lenovo/eclipse-workspace/BankManagementSystem/src/main/java/com/bank/service/impl/AuthServiceImpl.java:[107,40] cannot find symbol
  symbol:   method getEmail()
  location: variable request of type com.bank.dto.LoginRequest
[ERROR] /C:/Users/lenovo/eclipse-workspace/BankManagementSystem/src/main/java/com/bank/service/impl/AuthServiceImpl.java:[108,40] cannot find symbol
  symbol:   method getPassword()
  location: variable request of type com.bank.dto.LoginRequest
[ERROR] /C:/Users/lenovo/eclipse-workspace/BankManagementSystem/src/main/java/com/bank/service/impl/AuthServiceImpl.java:[119,16] constructor AuthResponse in class com.bank.dto.AuthResponse cannot be applied to given types;
  required: no arguments
  found:    java.lang.String,java.lang.String
  reason: actual and formal argument lists differ in length
[ERROR] /C:/Users/lenovo/eclipse-workspace/BankManagementSystem/src/main/java/com/bank/service/impl/CustomerServiceImpl.java:[68,21] cannot find symbol
  symbol:   method getGender()
  location: variable user of type com.bank.entity.User
[ERROR] /C:/Users/lenovo/eclipse-workspace/BankManagementSystem/src/main/java/com/bank/service/impl/CustomerServiceImpl.java:[67,21] cannot find symbol
  symbol:   method getPhone()
  location: variable user of type com.bank.entity.User
[ERROR] /C:/Users/lenovo/eclipse-workspace/BankManagementSystem/src/main/java/com/bank/service/impl/CustomerServiceImpl.java:[66,21] cannot find symbol
  symbol:   method getEmail()
  location: variable user of type com.bank.entity.User
[ERROR] /C:/Users/lenovo/eclipse-workspace/BankManagementSystem/src/main/java/com/bank/service/impl/CustomerServiceImpl.java:[65,21] cannot find symbol
  symbol:   method getLastName()
  location: variable user of type com.bank.entity.User
[ERROR] /C:/Users/lenovo/eclipse-workspace/BankManagementSystem/src/main/java/com/bank/service/impl/CustomerServiceImpl.java:[64,21] cannot find symbol
  symbol:   method getFirstName()
  location: variable user of type com.bank.entity.User
[ERROR] /C:/Users/lenovo/eclipse-workspace/BankManagementSystem/src/main/java/com/bank/service/impl/CustomerServiceImpl.java:[87,34] cannot find symbol
  symbol:   method getFirstName()
  location: variable request of type com.bank.dto.UpdateProfileRequest
[ERROR] /C:/Users/lenovo/eclipse-workspace/BankManagementSystem/src/main/java/com/bank/service/impl/CustomerServiceImpl.java:[88,33] cannot find symbol
  symbol:   method getLastName()
  location: variable request of type com.bank.dto.UpdateProfileRequest
[ERROR] /C:/Users/lenovo/eclipse-workspace/BankManagementSystem/src/main/java/com/bank/service/impl/CustomerServiceImpl.java:[89,30] cannot find symbol
  symbol:   method getPhone()
  location: variable request of type com.bank.dto.UpdateProfileRequest
[ERROR] /C:/Users/lenovo/eclipse-workspace/BankManagementSystem/src/main/java/com/bank/service/impl/CustomerServiceImpl.java:[100,21] cannot find symbol
  symbol:   method getGender()
  location: variable user of type com.bank.entity.User
[ERROR] /C:/Users/lenovo/eclipse-workspace/BankManagementSystem/src/main/java/com/bank/service/impl/CustomerServiceImpl.java:[99,21] cannot find symbol
  symbol:   method getPhone()
  location: variable user of type com.bank.entity.User
[ERROR] /C:/Users/lenovo/eclipse-workspace/BankManagementSystem/src/main/java/com/bank/service/impl/CustomerServiceImpl.java:[98,21] cannot find symbol
  symbol:   method getEmail()
  location: variable user of type com.bank.entity.User
[ERROR] /C:/Users/lenovo/eclipse-workspace/BankManagementSystem/src/main/java/com/bank/service/impl/CustomerServiceImpl.java:[97,21] cannot find symbol
  symbol:   method getLastName()
  location: variable user of type com.bank.entity.User
[ERROR] /C:/Users/lenovo/eclipse-workspace/BankManagementSystem/src/main/java/com/bank/service/impl/CustomerServiceImpl.java:[96,21] cannot find symbol
  symbol:   method getFirstName()
  location: variable user of type com.bank.entity.User
[ERROR] /C:/Users/lenovo/eclipse-workspace/BankManagementSystem/src/main/java/com/bank/service/impl/CustomerServiceImpl.java:[120,24] cannot find symbol
  symbol:   method getOldPassword()
  location: variable request of type com.bank.dto.ChangePasswordRequest
[ERROR] /C:/Users/lenovo/eclipse-workspace/BankManagementSystem/src/main/java/com/bank/service/impl/CustomerServiceImpl.java:[121,21] cannot find symbol
  symbol:   method getPassword()
  location: variable user of type com.bank.entity.User
[ERROR] /C:/Users/lenovo/eclipse-workspace/BankManagementSystem/src/main/java/com/bank/service/impl/CustomerServiceImpl.java:[129,56] cannot find symbol
  symbol:   method getNewPassword()
  location: variable request of type com.bank.dto.ChangePasswordRequest
[ERROR] /C:/Users/lenovo/eclipse-workspace/BankManagementSystem/src/main/java/com/bank/service/impl/CustomerServiceImpl.java:[186,36] cannot find symbol
  symbol:   method getRemarks()
  location: variable transaction of type com.bank.entity.Transaction
[ERROR] /C:/Users/lenovo/eclipse-workspace/BankManagementSystem/src/main/java/com/bank/service/impl/CustomerServiceImpl.java:[185,36] cannot find symbol
  symbol:   method getAccount()
  location: variable transaction of type com.bank.entity.Transaction
[ERROR] /C:/Users/lenovo/eclipse-workspace/BankManagementSystem/src/main/java/com/bank/service/impl/CustomerServiceImpl.java:[184,36] cannot find symbol
  symbol:   method getTransactionDate()
  location: variable transaction of type com.bank.entity.Transaction
[ERROR] /C:/Users/lenovo/eclipse-workspace/BankManagementSystem/src/main/java/com/bank/service/impl/CustomerServiceImpl.java:[183,36] cannot find symbol
  symbol:   method getAmount()
  location: variable transaction of type com.bank.entity.Transaction
[ERROR] /C:/Users/lenovo/eclipse-workspace/BankManagementSystem/src/main/java/com/bank/service/impl/CustomerServiceImpl.java:[182,36] cannot find symbol
  symbol:   method getTransactionType()
  location: variable transaction of type com.bank.entity.Transaction
[ERROR] /C:/Users/lenovo/eclipse-workspace/BankManagementSystem/src/main/java/com/bank/service/impl/CustomerServiceImpl.java:[181,36] cannot find symbol
  symbol:   method getTransactionNumber()
  location: variable transaction of type com.bank.entity.Transaction
[ERROR] /C:/Users/lenovo/eclipse-workspace/BankManagementSystem/src/main/java/com/bank/service/impl/CustomerServiceImpl.java:[189,24] incompatible types: java.util.List<java.lang.Object> cannot be converted to java.util.List<com.bank.dto.TransactionResponse>
[ERROR] /C:/Users/lenovo/eclipse-workspace/BankManagementSystem/src/main/java/com/bank/service/impl/ExcelServiceImpl.java:[67,50] cannot find symbol
  symbol:   method getTransactionNumber()
  location: variable transaction of type com.bank.entity.Transaction
[ERROR] /C:/Users/lenovo/eclipse-workspace/BankManagementSystem/src/main/java/com/bank/service/impl/ExcelServiceImpl.java:[70,50] cannot find symbol
  symbol:   method getTransactionType()
  location: variable transaction of type com.bank.entity.Transaction
[ERROR] /C:/Users/lenovo/eclipse-workspace/BankManagementSystem/src/main/java/com/bank/service/impl/ExcelServiceImpl.java:[73,50] cannot find symbol
  symbol:   method getAmount()
  location: variable transaction of type com.bank.entity.Transaction
[ERROR] /C:/Users/lenovo/eclipse-workspace/BankManagementSystem/src/main/java/com/bank/service/impl/ExcelServiceImpl.java:[76,50] cannot find symbol
  symbol:   method getTransactionDate()
  location: variable transaction of type com.bank.entity.Transaction
[ERROR] /C:/Users/lenovo/eclipse-workspace/BankManagementSystem/src/main/java/com/bank/service/impl/ExcelServiceImpl.java:[79,50] cannot find symbol
  symbol:   method getRemarks()
  location: variable transaction of type com.bank.entity.Transaction
[ERROR] /C:/Users/lenovo/eclipse-workspace/BankManagementSystem/src/main/java/com/bank/service/impl/PdfServiceImpl.java:[92,38] cannot find symbol
  symbol:   method getUser()
  location: variable account of type com.bank.entity.Account
[ERROR] /C:/Users/lenovo/eclipse-workspace/BankManagementSystem/src/main/java/com/bank/service/impl/PdfServiceImpl.java:[94,38] cannot find symbol
  symbol:   method getUser()
  location: variable account of type com.bank.entity.Account
[ERROR] /C:/Users/lenovo/eclipse-workspace/BankManagementSystem/src/main/java/com/bank/service/impl/PdfServiceImpl.java:[98,38] cannot find symbol
  symbol:   method getAccountNumber()
  location: variable account of type com.bank.entity.Account
[ERROR] /C:/Users/lenovo/eclipse-workspace/BankManagementSystem/src/main/java/com/bank/service/impl/PdfServiceImpl.java:[102,38] cannot find symbol
  symbol:   method getAccountType()
  location: variable account of type com.bank.entity.Account
[ERROR] /C:/Users/lenovo/eclipse-workspace/BankManagementSystem/src/main/java/com/bank/service/impl/PdfServiceImpl.java:[106,38] cannot find symbol
  symbol:   method getBalance()
  location: variable account of type com.bank.entity.Account
[ERROR] /C:/Users/lenovo/eclipse-workspace/BankManagementSystem/src/main/java/com/bank/service/impl/PdfServiceImpl.java:[127,42] cannot find symbol
  symbol:   method getTransactionNumber()
  location: variable transaction of type com.bank.entity.Transaction
[ERROR] /C:/Users/lenovo/eclipse-workspace/BankManagementSystem/src/main/java/com/bank/service/impl/PdfServiceImpl.java:[130,36] cannot find symbol
  symbol:   method getTransactionType()
  location: variable transaction of type com.bank.entity.Transaction
[ERROR] /C:/Users/lenovo/eclipse-workspace/BankManagementSystem/src/main/java/com/bank/service/impl/PdfServiceImpl.java:[132,48] cannot find symbol
  symbol:   method getAmount()
  location: variable transaction of type com.bank.entity.Transaction
[ERROR] /C:/Users/lenovo/eclipse-workspace/BankManagementSystem/src/main/java/com/bank/service/impl/PdfServiceImpl.java:[135,36] cannot find symbol
  symbol:   method getTransactionDate()
  location: variable transaction of type com.bank.entity.Transaction
[ERROR] /C:/Users/lenovo/eclipse-workspace/BankManagementSystem/src/main/java/com/bank/service/impl/TransactionServiceImpl.java:[50,24] cannot find symbol
  symbol:   method getAccountNumber()
  location: variable request of type com.bank.dto.TransactionRequest
[ERROR] /C:/Users/lenovo/eclipse-workspace/BankManagementSystem/src/main/java/com/bank/service/impl/TransactionServiceImpl.java:[51,24] cannot find symbol
  symbol:   method getAmount()
  location: variable request of type com.bank.dto.TransactionRequest
[ERROR] /C:/Users/lenovo/eclipse-workspace/BankManagementSystem/src/main/java/com/bank/service/impl/TransactionServiceImpl.java:[52,31] cannot find symbol
  symbol:   method getAmount()
  location: variable request of type com.bank.dto.TransactionRequest
[ERROR] /C:/Users/lenovo/eclipse-workspace/BankManagementSystem/src/main/java/com/bank/service/impl/TransactionServiceImpl.java:[55,45] cannot find symbol
  symbol:   method getAccountNumber()
  location: variable request of type com.bank.dto.TransactionRequest
[ERROR] /C:/Users/lenovo/eclipse-workspace/BankManagementSystem/src/main/java/com/bank/service/impl/TransactionServiceImpl.java:[57,61] cannot find symbol
  symbol:   method getAccountNumber()
  location: variable request of type com.bank.dto.TransactionRequest
[ERROR] /C:/Users/lenovo/eclipse-workspace/BankManagementSystem/src/main/java/com/bank/service/impl/TransactionServiceImpl.java:[60,35] cannot find symbol
  symbol:   method getBalance()
  location: variable account of type com.bank.entity.Account
[ERROR] /C:/Users/lenovo/eclipse-workspace/BankManagementSystem/src/main/java/com/bank/service/impl/TransactionServiceImpl.java:[60,60] cannot find symbol
  symbol:   method getAmount()
  location: variable request of type com.bank.dto.TransactionRequest
[ERROR] /C:/Users/lenovo/eclipse-workspace/BankManagementSystem/src/main/java/com/bank/service/impl/TransactionServiceImpl.java:[64,20] cannot find symbol
  symbol:   method setTransactionNumber(java.lang.String)
  location: variable transaction of type com.bank.entity.Transaction
[INFO] 100 errors 
[INFO] -------------------------------------------------------------
[INFO] ------------------------------------------------------------------------
[INFO] BUILD FAILURE
[INFO] ------------------------------------------------------------------------
[INFO] Total time:  9.448 s
[INFO] Finished at: 2026-08-07T12:35:19+05:30
[INFO] ------------------------------------------------------------------------
[ERROR] Failed to execute goal org.apache.maven.plugins:maven-compiler-plugin:3.14.0:compile (default-compile) on project bank-management-system: Compilation failure: Compilation failure: 
[ERROR] /C:/Users/lenovo/eclipse-workspace/BankManagementSystem/src/main/java/com/bank/exception/GlobalExceptionHandler.java:[126,37] constructor ApiErrorResponse in class com.bank.dto.ApiErrorResponse cannot be applied to given types;
[ERROR]   required: no arguments
[ERROR]   found:    java.time.LocalDateTime,int,java.lang.String,java.lang.String,java.lang.String
[ERROR]   reason: actual and formal argument lists differ in length
[ERROR] /C:/Users/lenovo/eclipse-workspace/BankManagementSystem/src/main/java/com/bank/security/CustomUserDetails.java:[23,58] cannot find symbol
[ERROR]   symbol:   method getRole()
[ERROR]   location: variable user of type com.bank.entity.User
[ERROR] /C:/Users/lenovo/eclipse-workspace/BankManagementSystem/src/main/java/com/bank/security/CustomUserDetails.java:[29,20] cannot find symbol
[ERROR]   symbol:   method getPassword()
[ERROR]   location: variable user of type com.bank.entity.User
[ERROR] /C:/Users/lenovo/eclipse-workspace/BankManagementSystem/src/main/java/com/bank/security/CustomUserDetails.java:[34,20] cannot find symbol
[ERROR]   symbol:   method getEmail()
[ERROR]   location: variable user of type com.bank.entity.User
[ERROR] /C:/Users/lenovo/eclipse-workspace/BankManagementSystem/src/main/java/com/bank/security/CustomUserDetails.java:[54,20] cannot find symbol
[ERROR]   symbol:   method isEnabled()
[ERROR]   location: variable user of type com.bank.entity.User
[ERROR] /C:/Users/lenovo/eclipse-workspace/BankManagementSystem/src/main/java/com/bank/service/impl/AccountServiceImpl.java:[61,16] cannot find symbol
[ERROR]   symbol:   method setAccountNumber(java.lang.String)
[ERROR]   location: variable account of type com.bank.entity.Account
[ERROR] /C:/Users/lenovo/eclipse-workspace/BankManagementSystem/src/main/java/com/bank/service/impl/AccountServiceImpl.java:[62,39] cannot find symbol
[ERROR]   symbol:   method getAccountType()
[ERROR]   location: variable request of type com.bank.dto.AccountRequest
[ERROR] /C:/Users/lenovo/eclipse-workspace/BankManagementSystem/src/main/java/com/bank/service/impl/AccountServiceImpl.java:[63,16] cannot find symbol
[ERROR]   symbol:   method setBalance(java.math.BigDecimal)
[ERROR]   location: variable account of type com.bank.entity.Account
[ERROR] /C:/Users/lenovo/eclipse-workspace/BankManagementSystem/src/main/java/com/bank/service/impl/AccountServiceImpl.java:[64,16] cannot find symbol
[ERROR]   symbol:   method setStatus(com.bank.enums.AccountStatus)
[ERROR]   location: variable account of type com.bank.entity.Account
[ERROR] /C:/Users/lenovo/eclipse-workspace/BankManagementSystem/src/main/java/com/bank/service/impl/AccountServiceImpl.java:[65,16] cannot find symbol
[ERROR]   symbol:   method setUser(com.bank.entity.User)
[ERROR]   location: variable account of type com.bank.entity.Account
[ERROR] /C:/Users/lenovo/eclipse-workspace/BankManagementSystem/src/main/java/com/bank/service/impl/AccountServiceImpl.java:[71,24] cannot find symbol
[ERROR]   symbol:   method getAccountNumber()
[ERROR]   location: variable account of type com.bank.entity.Account
[ERROR] /C:/Users/lenovo/eclipse-workspace/BankManagementSystem/src/main/java/com/bank/service/impl/AccountServiceImpl.java:[72,21] cannot find symbol
[ERROR]   symbol:   method getEmail()
[ERROR]   location: variable user of type com.bank.entity.User
[ERROR] /C:/Users/lenovo/eclipse-workspace/BankManagementSystem/src/main/java/com/bank/service/impl/AccountServiceImpl.java:[102,24] cannot find symbol
[ERROR]   symbol:   method getAccountNumber()
[ERROR]   location: variable account of type com.bank.entity.Account
[ERROR] /C:/Users/lenovo/eclipse-workspace/BankManagementSystem/src/main/java/com/bank/service/impl/AccountServiceImpl.java:[143,24] cannot find symbol
[ERROR]   symbol:   method getUser()
[ERROR]   location: variable account of type com.bank.entity.Account
[ERROR] /C:/Users/lenovo/eclipse-workspace/BankManagementSystem/src/main/java/com/bank/service/impl/AccountServiceImpl.java:[144,34] cannot find symbol
[ERROR]   symbol:   method getUser()
[ERROR]   location: variable account of type com.bank.entity.Account
[ERROR] /C:/Users/lenovo/eclipse-workspace/BankManagementSystem/src/main/java/com/bank/service/impl/AccountServiceImpl.java:[141,24] cannot find symbol
[ERROR]   symbol:   method getStatus()
[ERROR]   location: variable account of type com.bank.entity.Account
[ERROR] /C:/Users/lenovo/eclipse-workspace/BankManagementSystem/src/main/java/com/bank/service/impl/AccountServiceImpl.java:[139,24] cannot find symbol
[ERROR]   symbol:   method getBalance()
[ERROR]   location: variable account of type com.bank.entity.Account
[ERROR] /C:/Users/lenovo/eclipse-workspace/BankManagementSystem/src/main/java/com/bank/service/impl/AccountServiceImpl.java:[137,24] cannot find symbol
[ERROR]   symbol:   method getAccountType()
[ERROR]   location: variable account of type com.bank.entity.Account
[ERROR] /C:/Users/lenovo/eclipse-workspace/BankManagementSystem/src/main/java/com/bank/service/impl/AccountServiceImpl.java:[135,24] cannot find symbol
[ERROR]   symbol:   method getAccountNumber()
[ERROR]   location: variable account of type com.bank.entity.Account
[ERROR] /C:/Users/lenovo/eclipse-workspace/BankManagementSystem/src/main/java/com/bank/service/impl/AccountServiceImpl.java:[133,24] cannot find symbol
[ERROR]   symbol:   method getId()
[ERROR]   location: variable account of type com.bank.entity.Account
[ERROR] /C:/Users/lenovo/eclipse-workspace/BankManagementSystem/src/main/java/com/bank/service/impl/AdminServiceImpl.java:[61,32] cannot find symbol
[ERROR]   symbol:   method getUser()
[ERROR]   location: variable account of type com.bank.entity.Account
[ERROR] /C:/Users/lenovo/eclipse-workspace/BankManagementSystem/src/main/java/com/bank/service/impl/AdminServiceImpl.java:[62,42] cannot find symbol
[ERROR]   symbol:   method getUser()
[ERROR]   location: variable account of type com.bank.entity.Account
[ERROR] /C:/Users/lenovo/eclipse-workspace/BankManagementSystem/src/main/java/com/bank/service/impl/AdminServiceImpl.java:[60,32] cannot find symbol
[ERROR]   symbol:   method getStatus()
[ERROR]   location: variable account of type com.bank.entity.Account
[ERROR] /C:/Users/lenovo/eclipse-workspace/BankManagementSystem/src/main/java/com/bank/service/impl/AdminServiceImpl.java:[59,32] cannot find symbol
[ERROR]   symbol:   method getBalance()
[ERROR]   location: variable account of type com.bank.entity.Account
[ERROR] /C:/Users/lenovo/eclipse-workspace/BankManagementSystem/src/main/java/com/bank/service/impl/AdminServiceImpl.java:[58,32] cannot find symbol
[ERROR]   symbol:   method getAccountType()
[ERROR]   location: variable account of type com.bank.entity.Account
[ERROR] /C:/Users/lenovo/eclipse-workspace/BankManagementSystem/src/main/java/com/bank/service/impl/AdminServiceImpl.java:[57,32] cannot find symbol
[ERROR]   symbol:   method getAccountNumber()
[ERROR]   location: variable account of type com.bank.entity.Account
[ERROR] /C:/Users/lenovo/eclipse-workspace/BankManagementSystem/src/main/java/com/bank/service/impl/AdminServiceImpl.java:[56,32] cannot find symbol
[ERROR]   symbol:   method getId()
[ERROR]   location: variable account of type com.bank.entity.Account
[ERROR] /C:/Users/lenovo/eclipse-workspace/BankManagementSystem/src/main/java/com/bank/service/impl/AdminServiceImpl.java:[64,24] incompatible types: java.util.List<java.lang.Object> cannot be converted to java.util.List<com.bank.dto.AccountResponse>
[ERROR] /C:/Users/lenovo/eclipse-workspace/BankManagementSystem/src/main/java/com/bank/service/impl/AdminServiceImpl.java:[78,16] cannot find symbol
[ERROR]   symbol:   method setStatus(com.bank.enums.AccountStatus)
[ERROR]   location: variable account of type com.bank.entity.Account
[ERROR] /C:/Users/lenovo/eclipse-workspace/BankManagementSystem/src/main/java/com/bank/service/impl/AdminServiceImpl.java:[82,24] cannot find symbol
[ERROR]   symbol:   method getAccountNumber()
[ERROR]   location: variable account of type com.bank.entity.Account
[ERROR] /C:/Users/lenovo/eclipse-workspace/BankManagementSystem/src/main/java/com/bank/service/impl/AdminServiceImpl.java:[96,16] cannot find symbol
[ERROR]   symbol:   method setStatus(com.bank.enums.AccountStatus)
[ERROR]   location: variable account of type com.bank.entity.Account
[ERROR] /C:/Users/lenovo/eclipse-workspace/BankManagementSystem/src/main/java/com/bank/service/impl/AdminServiceImpl.java:[100,24] cannot find symbol
[ERROR]   symbol:   method getAccountNumber()
[ERROR]   location: variable account of type com.bank.entity.Account
[ERROR] /C:/Users/lenovo/eclipse-workspace/BankManagementSystem/src/main/java/com/bank/service/impl/AdminServiceImpl.java:[116,65] cannot find symbol
[ERROR]   symbol:   method getEmail()
[ERROR]   location: variable user of type com.bank.entity.User
[ERROR] /C:/Users/lenovo/eclipse-workspace/BankManagementSystem/src/main/java/com/bank/service/impl/AdminServiceImpl.java:[134,16] constructor DashboardResponse in class com.bank.dto.DashboardResponse cannot be applied to given types;
[ERROR]   required: no arguments
[ERROR]   found:    long,long,long
[ERROR]   reason: actual and formal argument lists differ in length
[ERROR] /C:/Users/lenovo/eclipse-workspace/BankManagementSystem/src/main/java/com/bank/service/impl/AuthServiceImpl.java:[54,24] cannot find symbol
[ERROR]   symbol:   method getEmail()
[ERROR]   location: variable request of type com.bank.dto.RegisterRequest
[ERROR] /C:/Users/lenovo/eclipse-workspace/BankManagementSystem/src/main/java/com/bank/service/impl/AuthServiceImpl.java:[57,49] cannot find symbol
[ERROR]   symbol:   method getEmail()
[ERROR]   location: variable request of type com.bank.dto.RegisterRequest
[ERROR] /C:/Users/lenovo/eclipse-workspace/BankManagementSystem/src/main/java/com/bank/service/impl/AuthServiceImpl.java:[60,28] cannot find symbol
[ERROR]   symbol:   method getEmail()
[ERROR]   location: variable request of type com.bank.dto.RegisterRequest
[ERROR] /C:/Users/lenovo/eclipse-workspace/BankManagementSystem/src/main/java/com/bank/service/impl/AuthServiceImpl.java:[62,58] cannot find symbol
[ERROR]   symbol:   method getEmail()
[ERROR]   location: variable request of type com.bank.dto.RegisterRequest
[ERROR] /C:/Users/lenovo/eclipse-workspace/BankManagementSystem/src/main/java/com/bank/service/impl/AuthServiceImpl.java:[66,49] cannot find symbol
[ERROR]   symbol:   method getPhone()
[ERROR]   location: variable request of type com.bank.dto.RegisterRequest
[ERROR] /C:/Users/lenovo/eclipse-workspace/BankManagementSystem/src/main/java/com/bank/service/impl/AuthServiceImpl.java:[69,28] cannot find symbol
[ERROR]   symbol:   method getPhone()
[ERROR]   location: variable request of type com.bank.dto.RegisterRequest
[ERROR] /C:/Users/lenovo/eclipse-workspace/BankManagementSystem/src/main/java/com/bank/service/impl/AuthServiceImpl.java:[71,58] cannot find symbol
[ERROR]   symbol:   method getPhone()
[ERROR]   location: variable request of type com.bank.dto.RegisterRequest
[ERROR] /C:/Users/lenovo/eclipse-workspace/BankManagementSystem/src/main/java/com/bank/service/impl/AuthServiceImpl.java:[82,34] cannot find symbol
[ERROR]   symbol:   method getFirstName()
[ERROR]   location: variable request of type com.bank.dto.RegisterRequest
[ERROR] /C:/Users/lenovo/eclipse-workspace/BankManagementSystem/src/main/java/com/bank/service/impl/AuthServiceImpl.java:[83,33] cannot find symbol
[ERROR]   symbol:   method getLastName()
[ERROR]   location: variable request of type com.bank.dto.RegisterRequest
[ERROR] /C:/Users/lenovo/eclipse-workspace/BankManagementSystem/src/main/java/com/bank/service/impl/AuthServiceImpl.java:[84,30] cannot find symbol
[ERROR]   symbol:   method getEmail()
[ERROR]   location: variable request of type com.bank.dto.RegisterRequest
[ERROR] /C:/Users/lenovo/eclipse-workspace/BankManagementSystem/src/main/java/com/bank/service/impl/AuthServiceImpl.java:[85,30] cannot find symbol
[ERROR]   symbol:   method getPhone()
[ERROR]   location: variable request of type com.bank.dto.RegisterRequest
[ERROR] /C:/Users/lenovo/eclipse-workspace/BankManagementSystem/src/main/java/com/bank/service/impl/AuthServiceImpl.java:[86,31] cannot find symbol
[ERROR]   symbol:   method getGender()
[ERROR]   location: variable request of type com.bank.dto.RegisterRequest
[ERROR] /C:/Users/lenovo/eclipse-workspace/BankManagementSystem/src/main/java/com/bank/service/impl/AuthServiceImpl.java:[87,56] cannot find symbol
[ERROR]   symbol:   method getPassword()
[ERROR]   location: variable request of type com.bank.dto.RegisterRequest
[ERROR] /C:/Users/lenovo/eclipse-workspace/BankManagementSystem/src/main/java/com/bank/service/impl/AuthServiceImpl.java:[88,13] cannot find symbol
[ERROR]   symbol:   method setRole(com.bank.entity.Role)
[ERROR]   location: variable user of type com.bank.entity.User
[ERROR] /C:/Users/lenovo/eclipse-workspace/BankManagementSystem/src/main/java/com/bank/service/impl/AuthServiceImpl.java:[89,13] cannot find symbol
[ERROR]   symbol:   method setEnabled(boolean)
[ERROR]   location: variable user of type com.bank.entity.User
[ERROR] /C:/Users/lenovo/eclipse-workspace/BankManagementSystem/src/main/java/com/bank/service/impl/AuthServiceImpl.java:[93,61] cannot find symbol
[ERROR]   symbol:   method getEmail()
[ERROR]   location: variable user of type com.bank.entity.User
[ERROR] /C:/Users/lenovo/eclipse-workspace/BankManagementSystem/src/main/java/com/bank/service/impl/AuthServiceImpl.java:[95,16] constructor AuthResponse in class com.bank.dto.AuthResponse cannot be applied to given types;
[ERROR]   required: no arguments
[ERROR]   found:    <nulltype>,java.lang.String
[ERROR]   reason: actual and formal argument lists differ in length
[ERROR] /C:/Users/lenovo/eclipse-workspace/BankManagementSystem/src/main/java/com/bank/service/impl/AuthServiceImpl.java:[102,24] cannot find symbol
[ERROR]   symbol:   method getEmail()
[ERROR]   location: variable request of type com.bank.dto.LoginRequest
[ERROR] /C:/Users/lenovo/eclipse-workspace/BankManagementSystem/src/main/java/com/bank/service/impl/AuthServiceImpl.java:[107,40] cannot find symbol
[ERROR]   symbol:   method getEmail()
[ERROR]   location: variable request of type com.bank.dto.LoginRequest
[ERROR] /C:/Users/lenovo/eclipse-workspace/BankManagementSystem/src/main/java/com/bank/service/impl/AuthServiceImpl.java:[108,40] cannot find symbol
[ERROR]   symbol:   method getPassword()
[ERROR]   location: variable request of type com.bank.dto.LoginRequest
[ERROR] /C:/Users/lenovo/eclipse-workspace/BankManagementSystem/src/main/java/com/bank/service/impl/AuthServiceImpl.java:[119,16] constructor AuthResponse in class com.bank.dto.AuthResponse cannot be applied to given types;
[ERROR]   required: no arguments
[ERROR]   found:    java.lang.String,java.lang.String
[ERROR]   reason: actual and formal argument lists differ in length
[ERROR] /C:/Users/lenovo/eclipse-workspace/BankManagementSystem/src/main/java/com/bank/service/impl/CustomerServiceImpl.java:[68,21] cannot find symbol
[ERROR]   symbol:   method getGender()
[ERROR]   location: variable user of type com.bank.entity.User
[ERROR] /C:/Users/lenovo/eclipse-workspace/BankManagementSystem/src/main/java/com/bank/service/impl/CustomerServiceImpl.java:[67,21] cannot find symbol
[ERROR]   symbol:   method getPhone()
[ERROR]   location: variable user of type com.bank.entity.User
[ERROR] /C:/Users/lenovo/eclipse-workspace/BankManagementSystem/src/main/java/com/bank/service/impl/CustomerServiceImpl.java:[66,21] cannot find symbol
[ERROR]   symbol:   method getEmail()
[ERROR]   location: variable user of type com.bank.entity.User
[ERROR] /C:/Users/lenovo/eclipse-workspace/BankManagementSystem/src/main/java/com/bank/service/impl/CustomerServiceImpl.java:[65,21] cannot find symbol
[ERROR]   symbol:   method getLastName()
[ERROR]   location: variable user of type com.bank.entity.User
[ERROR] /C:/Users/lenovo/eclipse-workspace/BankManagementSystem/src/main/java/com/bank/service/impl/CustomerServiceImpl.java:[64,21] cannot find symbol
[ERROR]   symbol:   method getFirstName()
[ERROR]   location: variable user of type com.bank.entity.User
[ERROR] /C:/Users/lenovo/eclipse-workspace/BankManagementSystem/src/main/java/com/bank/service/impl/CustomerServiceImpl.java:[87,34] cannot find symbol
[ERROR]   symbol:   method getFirstName()
[ERROR]   location: variable request of type com.bank.dto.UpdateProfileRequest
[ERROR] /C:/Users/lenovo/eclipse-workspace/BankManagementSystem/src/main/java/com/bank/service/impl/CustomerServiceImpl.java:[88,33] cannot find symbol
[ERROR]   symbol:   method getLastName()
[ERROR]   location: variable request of type com.bank.dto.UpdateProfileRequest
[ERROR] /C:/Users/lenovo/eclipse-workspace/BankManagementSystem/src/main/java/com/bank/service/impl/CustomerServiceImpl.java:[89,30] cannot find symbol
[ERROR]   symbol:   method getPhone()
[ERROR]   location: variable request of type com.bank.dto.UpdateProfileRequest
[ERROR] /C:/Users/lenovo/eclipse-workspace/BankManagementSystem/src/main/java/com/bank/service/impl/CustomerServiceImpl.java:[100,21] cannot find symbol
[ERROR]   symbol:   method getGender()
[ERROR]   location: variable user of type com.bank.entity.User
[ERROR] /C:/Users/lenovo/eclipse-workspace/BankManagementSystem/src/main/java/com/bank/service/impl/CustomerServiceImpl.java:[99,21] cannot find symbol
[ERROR]   symbol:   method getPhone()
[ERROR]   location: variable user of type com.bank.entity.User
[ERROR] /C:/Users/lenovo/eclipse-workspace/BankManagementSystem/src/main/java/com/bank/service/impl/CustomerServiceImpl.java:[98,21] cannot find symbol
[ERROR]   symbol:   method getEmail()
[ERROR]   location: variable user of type com.bank.entity.User
[ERROR] /C:/Users/lenovo/eclipse-workspace/BankManagementSystem/src/main/java/com/bank/service/impl/CustomerServiceImpl.java:[97,21] cannot find symbol
[ERROR]   symbol:   method getLastName()
[ERROR]   location: variable user of type com.bank.entity.User
[ERROR] /C:/Users/lenovo/eclipse-workspace/BankManagementSystem/src/main/java/com/bank/service/impl/CustomerServiceImpl.java:[96,21] cannot find symbol
[ERROR]   symbol:   method getFirstName()
[ERROR]   location: variable user of type com.bank.entity.User
[ERROR] /C:/Users/lenovo/eclipse-workspace/BankManagementSystem/src/main/java/com/bank/service/impl/CustomerServiceImpl.java:[120,24] cannot find symbol
[ERROR]   symbol:   method getOldPassword()
[ERROR]   location: variable request of type com.bank.dto.ChangePasswordRequest
[ERROR] /C:/Users/lenovo/eclipse-workspace/BankManagementSystem/src/main/java/com/bank/service/impl/CustomerServiceImpl.java:[121,21] cannot find symbol
[ERROR]   symbol:   method getPassword()
[ERROR]   location: variable user of type com.bank.entity.User
[ERROR] /C:/Users/lenovo/eclipse-workspace/BankManagementSystem/src/main/java/com/bank/service/impl/CustomerServiceImpl.java:[129,56] cannot find symbol
[ERROR]   symbol:   method getNewPassword()
[ERROR]   location: variable request of type com.bank.dto.ChangePasswordRequest
[ERROR] /C:/Users/lenovo/eclipse-workspace/BankManagementSystem/src/main/java/com/bank/service/impl/CustomerServiceImpl.java:[186,36] cannot find symbol
[ERROR]   symbol:   method getRemarks()
[ERROR]   location: variable transaction of type com.bank.entity.Transaction
[ERROR] /C:/Users/lenovo/eclipse-workspace/BankManagementSystem/src/main/java/com/bank/service/impl/CustomerServiceImpl.java:[185,36] cannot find symbol
[ERROR]   symbol:   method getAccount()
[ERROR]   location: variable transaction of type com.bank.entity.Transaction
[ERROR] /C:/Users/lenovo/eclipse-workspace/BankManagementSystem/src/main/java/com/bank/service/impl/CustomerServiceImpl.java:[184,36] cannot find symbol
[ERROR]   symbol:   method getTransactionDate()
[ERROR]   location: variable transaction of type com.bank.entity.Transaction
[ERROR] /C:/Users/lenovo/eclipse-workspace/BankManagementSystem/src/main/java/com/bank/service/impl/CustomerServiceImpl.java:[183,36] cannot find symbol
[ERROR]   symbol:   method getAmount()
[ERROR]   location: variable transaction of type com.bank.entity.Transaction
[ERROR] /C:/Users/lenovo/eclipse-workspace/BankManagementSystem/src/main/java/com/bank/service/impl/CustomerServiceImpl.java:[182,36] cannot find symbol
[ERROR]   symbol:   method getTransactionType()
[ERROR]   location: variable transaction of type com.bank.entity.Transaction
[ERROR] /C:/Users/lenovo/eclipse-workspace/BankManagementSystem/src/main/java/com/bank/service/impl/CustomerServiceImpl.java:[181,36] cannot find symbol
[ERROR]   symbol:   method getTransactionNumber()
[ERROR]   location: variable transaction of type com.bank.entity.Transaction
[ERROR] /C:/Users/lenovo/eclipse-workspace/BankManagementSystem/src/main/java/com/bank/service/impl/CustomerServiceImpl.java:[189,24] incompatible types: java.util.List<java.lang.Object> cannot be converted to java.util.List<com.bank.dto.TransactionResponse>
[ERROR] /C:/Users/lenovo/eclipse-workspace/BankManagementSystem/src/main/java/com/bank/service/impl/ExcelServiceImpl.java:[67,50] cannot find symbol
[ERROR]   symbol:   method getTransactionNumber()
[ERROR]   location: variable transaction of type com.bank.entity.Transaction
[ERROR] /C:/Users/lenovo/eclipse-workspace/BankManagementSystem/src/main/java/com/bank/service/impl/ExcelServiceImpl.java:[70,50] cannot find symbol
[ERROR]   symbol:   method getTransactionType()
[ERROR]   location: variable transaction of type com.bank.entity.Transaction
[ERROR] /C:/Users/lenovo/eclipse-workspace/BankManagementSystem/src/main/java/com/bank/service/impl/ExcelServiceImpl.java:[73,50] cannot find symbol
[ERROR]   symbol:   method getAmount()
[ERROR]   location: variable transaction of type com.bank.entity.Transaction
[ERROR] /C:/Users/lenovo/eclipse-workspace/BankManagementSystem/src/main/java/com/bank/service/impl/ExcelServiceImpl.java:[76,50] cannot find symbol
[ERROR]   symbol:   method getTransactionDate()
[ERROR]   location: variable transaction of type com.bank.entity.Transaction
[ERROR] /C:/Users/lenovo/eclipse-workspace/BankManagementSystem/src/main/java/com/bank/service/impl/ExcelServiceImpl.java:[79,50] cannot find symbol
[ERROR]   symbol:   method getRemarks()
[ERROR]   location: variable transaction of type com.bank.entity.Transaction
[ERROR] /C:/Users/lenovo/eclipse-workspace/BankManagementSystem/src/main/java/com/bank/service/impl/PdfServiceImpl.java:[92,38] cannot find symbol
[ERROR]   symbol:   method getUser()
[ERROR]   location: variable account of type com.bank.entity.Account
[ERROR] /C:/Users/lenovo/eclipse-workspace/BankManagementSystem/src/main/java/com/bank/service/impl/PdfServiceImpl.java:[94,38] cannot find symbol
[ERROR]   symbol:   method getUser()
[ERROR]   location: variable account of type com.bank.entity.Account
[ERROR] /C:/Users/lenovo/eclipse-workspace/BankManagementSystem/src/main/java/com/bank/service/impl/PdfServiceImpl.java:[98,38] cannot find symbol
[ERROR]   symbol:   method getAccountNumber()
[ERROR]   location: variable account of type com.bank.entity.Account
[ERROR] /C:/Users/lenovo/eclipse-workspace/BankManagementSystem/src/main/java/com/bank/service/impl/PdfServiceImpl.java:[102,38] cannot find symbol
[ERROR]   symbol:   method getAccountType()
[ERROR]   location: variable account of type com.bank.entity.Account
[ERROR] /C:/Users/lenovo/eclipse-workspace/BankManagementSystem/src/main/java/com/bank/service/impl/PdfServiceImpl.java:[106,38] cannot find symbol
[ERROR]   symbol:   method getBalance()
[ERROR]   location: variable account of type com.bank.entity.Account
[ERROR] /C:/Users/lenovo/eclipse-workspace/BankManagementSystem/src/main/java/com/bank/service/impl/PdfServiceImpl.java:[127,42] cannot find symbol
[ERROR]   symbol:   method getTransactionNumber()
[ERROR]   location: variable transaction of type com.bank.entity.Transaction
[ERROR] /C:/Users/lenovo/eclipse-workspace/BankManagementSystem/src/main/java/com/bank/service/impl/PdfServiceImpl.java:[130,36] cannot find symbol
[ERROR]   symbol:   method getTransactionType()
[ERROR]   location: variable transaction of type com.bank.entity.Transaction
[ERROR] /C:/Users/lenovo/eclipse-workspace/BankManagementSystem/src/main/java/com/bank/service/impl/PdfServiceImpl.java:[132,48] cannot find symbol
[ERROR]   symbol:   method getAmount()
[ERROR]   location: variable transaction of type com.bank.entity.Transaction
[ERROR] /C:/Users/lenovo/eclipse-workspace/BankManagementSystem/src/main/java/com/bank/service/impl/PdfServiceImpl.java:[135,36] cannot find symbol
[ERROR]   symbol:   method getTransactionDate()
[ERROR]   location: variable transaction of type com.bank.entity.Transaction
[ERROR] /C:/Users/lenovo/eclipse-workspace/BankManagementSystem/src/main/java/com/bank/service/impl/TransactionServiceImpl.java:[50,24] cannot find symbol
[ERROR]   symbol:   method getAccountNumber()
[ERROR]   location: variable request of type com.bank.dto.TransactionRequest
[ERROR] /C:/Users/lenovo/eclipse-workspace/BankManagementSystem/src/main/java/com/bank/service/impl/TransactionServiceImpl.java:[51,24] cannot find symbol
[ERROR]   symbol:   method getAmount()
[ERROR]   location: variable request of type com.bank.dto.TransactionRequest
[ERROR] /C:/Users/lenovo/eclipse-workspace/BankManagementSystem/src/main/java/com/bank/service/impl/TransactionServiceImpl.java:[52,31] cannot find symbol
[ERROR]   symbol:   method getAmount()
[ERROR]   location: variable request of type com.bank.dto.TransactionRequest
[ERROR] /C:/Users/lenovo/eclipse-workspace/BankManagementSystem/src/main/java/com/bank/service/impl/TransactionServiceImpl.java:[55,45] cannot find symbol
[ERROR]   symbol:   method getAccountNumber()
[ERROR]   location: variable request of type com.bank.dto.TransactionRequest
[ERROR] /C:/Users/lenovo/eclipse-workspace/BankManagementSystem/src/main/java/com/bank/service/impl/TransactionServiceImpl.java:[57,61] cannot find symbol
[ERROR]   symbol:   method getAccountNumber()
[ERROR]   location: variable request of type com.bank.dto.TransactionRequest
[ERROR] /C:/Users/lenovo/eclipse-workspace/BankManagementSystem/src/main/java/com/bank/service/impl/TransactionServiceImpl.java:[60,35] cannot find symbol
[ERROR]   symbol:   method getBalance()
[ERROR]   location: variable account of type com.bank.entity.Account
[ERROR] /C:/Users/lenovo/eclipse-workspace/BankManagementSystem/src/main/java/com/bank/service/impl/TransactionServiceImpl.java:[60,60] cannot find symbol
[ERROR]   symbol:   method getAmount()
[ERROR]   location: variable request of type com.bank.dto.TransactionRequest
[ERROR] /C:/Users/lenovo/eclipse-workspace/BankManagementSystem/src/main/java/com/bank/service/impl/TransactionServiceImpl.java:[64,20] cannot find symbol
[ERROR]   symbol:   method setTransactionNumber(java.lang.String)
[ERROR]   location: variable transaction of type com.bank.entity.Transaction
[ERROR] -> [Help 1]
org.apache.maven.lifecycle.LifecycleExecutionException: Failed to execute goal org.apache.maven.plugins:maven-compiler-plugin:3.14.0:compile (default-compile) on project bank-management-system: Compilation failure
    at org.apache.maven.lifecycle.internal.MojoExecutor.doExecute2 (MojoExecutor.java:333)
    at org.apache.maven.lifecycle.internal.MojoExecutor.doExecute (MojoExecutor.java:316)
    at org.apache.maven.lifecycle.internal.MojoExecutor.execute (MojoExecutor.java:212)
    at org.apache.maven.lifecycle.internal.MojoExecutor.execute (MojoExecutor.java:174)
    at org.apache.maven.lifecycle.internal.MojoExecutor.access$000 (MojoExecutor.java:75)
    at org.apache.maven.lifecycle.internal.MojoExecutor$1.run (MojoExecutor.java:162)
    at org.apache.maven.plugin.DefaultMojosExecutionStrategy.execute (DefaultMojosExecutionStrategy.java:39)
    at org.apache.maven.lifecycle.internal.MojoExecutor.execute (MojoExecutor.java:159)
    at org.apache.maven.lifecycle.internal.LifecycleModuleBuilder.buildProject (LifecycleModuleBuilder.java:105)
    at org.apache.maven.lifecycle.internal.LifecycleModuleBuilder.buildProject (LifecycleModuleBuilder.java:73)
    at org.apache.maven.lifecycle.internal.builder.singlethreaded.SingleThreadedBuilder.build (SingleThreadedBuilder.java:53)
    at org.apache.maven.lifecycle.internal.LifecycleStarter.execute (LifecycleStarter.java:118)
    at org.apache.maven.DefaultMaven.doExecute (DefaultMaven.java:261)
    at org.apache.maven.DefaultMaven.doExecute (DefaultMaven.java:173)
    at org.apache.maven.DefaultMaven.execute (DefaultMaven.java:101)
    at org.apache.maven.cli.MavenCli.execute (MavenCli.java:919)
    at org.apache.maven.cli.MavenCli.doMain (MavenCli.java:285)
    at org.apache.maven.cli.MavenCli.main (MavenCli.java:207)
    at jdk.internal.reflect.DirectMethodHandleAccessor.invoke (DirectMethodHandleAccessor.java:104)
    at java.lang.reflect.Method.invoke (Method.java:565)
    at org.codehaus.plexus.classworlds.launcher.Launcher.launchEnhanced (Launcher.java:255)
    at org.codehaus.plexus.classworlds.launcher.Launcher.launch (Launcher.java:201)
    at org.codehaus.plexus.classworlds.launcher.Launcher.mainWithExitCode (Launcher.java:362)
    at org.codehaus.plexus.classworlds.launcher.Launcher.main (Launcher.java:314)
Caused by: org.apache.maven.plugin.compiler.CompilationFailureException: Compilation failure
    at org.apache.maven.plugin.compiler.AbstractCompilerMojo.execute (AbstractCompilerMojo.java:1309)
    at org.apache.maven.plugin.compiler.CompilerMojo.execute (CompilerMojo.java:225)
    at org.apache.maven.plugin.DefaultBuildPluginManager.executeMojo (DefaultBuildPluginManager.java:126)
    at org.apache.maven.lifecycle.internal.MojoExecutor.doExecute2 (MojoExecutor.java:328)
    at org.apache.maven.lifecycle.internal.MojoExecutor.doExecute (MojoExecutor.java:316)
    at org.apache.maven.lifecycle.internal.MojoExecutor.execute (MojoExecutor.java:212)
    at org.apache.maven.lifecycle.internal.MojoExecutor.execute (MojoExecutor.java:174)
    at org.apache.maven.lifecycle.internal.MojoExecutor.access$000 (MojoExecutor.java:75)
    at org.apache.maven.lifecycle.internal.MojoExecutor$1.run (MojoExecutor.java:162)
    at org.apache.maven.plugin.DefaultMojosExecutionStrategy.execute (DefaultMojosExecutionStrategy.java:39)
    at org.apache.maven.lifecycle.internal.MojoExecutor.execute (MojoExecutor.java:159)
    at org.apache.maven.lifecycle.internal.LifecycleModuleBuilder.buildProject (LifecycleModuleBuilder.java:105)
    at org.apache.maven.lifecycle.internal.LifecycleModuleBuilder.buildProject (LifecycleModuleBuilder.java:73)
    at org.apache.maven.lifecycle.internal.builder.singlethreaded.SingleThreadedBuilder.build (SingleThreadedBuilder.java:53)
    at org.apache.maven.lifecycle.internal.LifecycleStarter.execute (LifecycleStarter.java:118)
    at org.apache.maven.DefaultMaven.doExecute (DefaultMaven.java:261)
    at org.apache.maven.DefaultMaven.doExecute (DefaultMaven.java:173)
    at org.apache.maven.DefaultMaven.execute (DefaultMaven.java:101)
    at org.apache.maven.cli.MavenCli.execute (MavenCli.java:919)
    at org.apache.maven.cli.MavenCli.doMain (MavenCli.java:285)
    at org.apache.maven.cli.MavenCli.main (MavenCli.java:207)
    at jdk.internal.reflect.DirectMethodHandleAccessor.invoke (DirectMethodHandleAccessor.java:104)
    at java.lang.reflect.Method.invoke (Method.java:565)
    at org.codehaus.plexus.classworlds.launcher.Launcher.launchEnhanced (Launcher.java:255)
    at org.codehaus.plexus.classworlds.launcher.Launcher.launch (Launcher.java:201)
    at org.codehaus.plexus.classworlds.launcher.Launcher.mainWithExitCode (Launcher.java:362)
    at org.codehaus.plexus.classworlds.launcher.Launcher.main (Launcher.java:314)
[ERROR] 
[ERROR] 
[ERROR] For more information about the errors and possible solutions, please read the following articles:
[ERROR] [Help 1] http://cwiki.apache.org/confluence/display/MAVEN/MojoFailureException
[DEBUG] Shutting down adapter factory; available factories [file-lock, rwlock-local, semaphore-local, noop]; available name mappers [discriminating, file-gaecv, file-gav, file-hgaecv, file-hgav, file-static, gaecv, gav, static]
[DEBUG] Shutting down 'file-lock' factory
[DEBUG] Shutting down 'rwlock-local' factory
[DEBUG] Shutting down 'semaphore-local' factory
[DEBUG] Shutting down 'noop' factory
